Reporting entity,Facility name,Type,State,Electricity production (GJ),Electricity production (MWh),"Total scope 1 emissions 
(t CO2-e)","Total scope 2 emissions 
(t CO2-e)","Total emissions 
(t CO2-e)","Emission intensity 
(t CO2-e/ MWh)",Grid connected,Grid,Primary fuel,Important notes
ACCIONA ENERGY OCEANIA PTY LTD,Cathedral Rocks Wind Farm,F,SA,"512,455","142,348",47,189,236,0.00,On,NEM,Wind,-
ACCIONA ENERGY OCEANIA PTY LTD,Gunning Wind Farm,F,NSW,"575,522","159,867",48,246,294,0.00,On,NEM,Wind,-
ACCIONA ENERGY OCEANIA PTY LTD,Mt Gellibrand Wind Farm,F,VIC,"1,018,498","282,916",60,907,967,0.00,On,NEM,Wind,-
ACCIONA ENERGY OCEANIA PTY LTD,Waubra Wind Farm,F,VIC,"2,339,624","649,896",158,869,"1,027",0.00,On,NEM,Wind,-
ACCIONA ENERGY OCEANIA PTY LTD,Corporate Total,C,-,"4,446,099","1,235,027",313,"2,211","2,524",-,-,-,-,-
ADANI RENEWABLE ASSET HOLDINGS PTY LTD,Adani Rugby Run Solar Farm,F,QLD,"587,856","163,293",0,533,533,0.00,On,NEM,Solar,-
ADANI RENEWABLE ASSET HOLDINGS PTY LTD,Corporate Total,C,-,"587,856","163,293",0,533,533,-,-,-,-,-
AGL ENERGY LIMITED,Banimboola Hydro,F,VIC,"7,240","2,011",15,33,48,0.01,On,NEM,Hydro,-
AGL ENERGY LIMITED,Barker Inlet Power Station,F,SA,"1,391,597","386,555","174,233","2,829","177,062",0.45,On,NEM,Gas,-
AGL ENERGY LIMITED,Bayswater Power Station,F,NSW,"51,517,714","14,310,476","12,763,444","19,122","12,782,566",0.89,On,NEM,Black Coal,-
AGL ENERGY LIMITED,Bogong Power Station,F,VIC,"314,481","87,356",83,656,739,0.00,On,NEM,Hydro,-
AGL ENERGY LIMITED,Broken Hill Solar Plant,F,NSW,"408,929","113,591",81,343,424,0.00,On,NEM,Solar,-
AGL ENERGY LIMITED,Clover Hydro,F,VIC,"1,481",411,2,367,369,0.00,On,NEM,Hydro,-
AGL ENERGY LIMITED,Copeton Hydro,F,NSW,"33,585","9,329",1,50,51,0.00,On,NEM,Hydro,-
AGL ENERGY LIMITED,Dartmouth Hydro,F,VIC,"153,275","42,576",0,340,340,0.00,On,NEM,Hydro,-
AGL ENERGY LIMITED,Eildon Hydro,F,VIC,"401,140","111,428",10,187,197,0.00,On,NEM,Hydro,-
AGL ENERGY LIMITED,Glenbawn Hydro,F,NSW,123,34,0,0,0,0.00,On,NEM,Hydro,-
AGL ENERGY LIMITED,Hallett (Stage 1) Wind Farm,F,SA,"1,062,039","295,011",125,168,293,0.00,On,NEM,Wind,-
AGL ENERGY LIMITED,Hallett (Stage 2) Wind Farm,F,SA,"812,671","225,742",84,133,217,0.00,On,NEM,Wind,-
AGL ENERGY LIMITED,Hallett (Stage 4) Wind Farm,F,SA,"1,506,996","418,610",191,309,500,0.00,On,NEM,Wind,-
AGL ENERGY LIMITED,Hallett (Stage 5) Wind Farm,F,SA,"465,379","129,272",65,139,204,0.00,On,NEM,Wind,-
AGL ENERGY LIMITED,Hunter Valley Gas Turbines,F,NSW,0,0,0,6,6,0.00,On,NEM,Gas,-
AGL ENERGY LIMITED,Kwinana Swift Power Station,F,WA,"124,238","34,511","20,567",410,"20,977",0.60,On,SWIS,Gas,-
AGL ENERGY LIMITED,Liddell Power Station,F,NSW,"26,305,616","7,307,116","7,021,228","44,618","7,065,846",0.96,On,NEM,Black Coal,-
AGL ENERGY LIMITED,Loy Yang Power Station and Mine,F,VIC,"59,031,839","16,397,733","19,153,341","220,357","19,373,698",1.17,On,NEM,Brown Coal,-
AGL ENERGY LIMITED,Macarthur Wind Farm,F,VIC,"2,641,871","733,853","7,637","2,411","10,048",0.01,On,NEM,Wind,-
AGL ENERGY LIMITED,McKay Creek Hydro,F,VIC,"386,791","107,442",2,"4,325","4,327",0.00,On,NEM,Hydro,-
AGL ENERGY LIMITED,Nyngan Solar Plant,F,NSW,"840,121","233,367",154,691,845,0.00,On,NEM,Solar,-
AGL ENERGY LIMITED,Oaklands Hill Wind Farm,F,VIC,"630,310","175,086",63,469,532,0.00,On,NEM,Wind,-
AGL ENERGY LIMITED,Rubicon Hydro Scheme,F,VIC,0,0,0,207,207,0.00,On,NEM,Hydro,-
AGL ENERGY LIMITED,Silverton Wind Farm,F,NSW,"2,826,436","785,121",81,335,416,0.00,On,NEM,Wind,-
AGL ENERGY LIMITED,Somerton Power Station,F,VIC,"360,423","100,117","70,675","1,580","72,255",0.71,On,NEM,Gas,-
AGL ENERGY LIMITED,Torrens Island Power Station,F,SA,"6,008,329","1,668,980","957,873","11,484","969,357",0.57,On,NEM,Gas,-
AGL ENERGY LIMITED,Wattle Point Wind Farm,F,SA,"950,951","264,153",78,150,228,0.00,On,NEM,Wind,-
AGL ENERGY LIMITED,West Kiewa Hydro,F,VIC,"609,716","169,366",1,667,668,0.00,On,NEM,Hydro,-
AGL ENERGY LIMITED,Yarrawonga Hydro,F,VIC,"156,774","43,548",0,19,19,0.00,On,NEM,Hydro,-
AGL ENERGY LIMITED,Burrendong Hydro,F,NSW,"43,303","12,029",1,0,1,0.00,On,NEM,Hydro,-
AGL ENERGY LIMITED,Pindari Hydro,F,NSW,0,0,0,24,24,0.00,On,NEM,Hydro,-
AGL ENERGY LIMITED,Corporate Total,C,-,"158,993,368","44,164,825","40,170,035","312,429","40,482,464",-,-,-,-,-
ALCOA AUSTRALIAN HOLDINGS PTY LTD,Alinta Pinjarra Generation Facility,F,WA,"5,739,815","1,594,393","1,086,799",644,"1,087,443",0.68,On,SWIS,Gas,-
ALCOA AUSTRALIAN HOLDINGS PTY LTD,Corporate Total,C,-,"5,739,815","1,594,393","1,086,799",644,"1,087,443",-,-,-,-,-
APT PIPELINES LIMITED,Badgingarra Solar Farm,F,WA,"108,451","30,125",30,49,79,0.00,On,SWIS,Solar,-
APT PIPELINES LIMITED,Badgingarra Wind Farm,F,WA,"1,701,835","472,732",96,275,371,0.00,On,SWIS,Wind,-
APT PIPELINES LIMITED,Daandine Power Station,F,QLD,"406,375","112,882","61,562",660,"62,222",0.55,On,NEM,Coal Seam Methane,"Please note that where more than one person has operational control over a facility at the same time and no nomination of operational control has been made, data for the facility for the entire period must be reported by the controlling corporation of each entity with operational control. This results in the same facility being reported multiple times. APT PIPELINES LIMITED and CLARKE ENERGY (AUSTRALIA) PTY. LTD., have each included the same data for the Daandine Power Station in their NGER reports."
APT PIPELINES LIMITED,Darling Downs Solar Farm,F,QLD,"755,182","209,773",66,658,724,0.00,On,NEM,Wind,-
APT PIPELINES LIMITED,Diamantina Power Station,F,QLD,"6,884,574","1,912,382","809,252",176,"809,428",0.42,On,Mt Isa,Gas,-
APT PIPELINES LIMITED,Emu Downs Solar Farm,F,WA,"173,545","48,207",6,160,166,0.00,On,SWIS,Solar,-
APT PIPELINES LIMITED,Emu Downs Wind Farm,F,WA,"883,949","245,541",71,160,231,0.00,On,SWIS,Wind,-
APT PIPELINES LIMITED,Corporate Total,C,-,"10,913,911","3,031,642","871,083","2,138","873,221",-,-,-,-,-
ARROW ENERGY HOLDINGS PTY LTD,Braemar 2 Power Station,F,QLD,"1,475,610","409,892","246,789","4,578","251,367",0.60,On,NEM,Coal Seam Methane,-
ARROW ENERGY HOLDINGS PTY LTD,Corporate Total,C,-,"1,475,610","409,892","246,789","4,578","251,367",-,-,-,-,-
ATCO AUSTRALIA PTY LTD,Karratha Power Station,F,WA,"513,078","142,522","99,275",62,"99,337",0.70,On,NWIS,Gas,-
ATCO AUSTRALIA PTY LTD,Osborne facility,F,SA,"1,413,851","392,736","161,402","3,725","165,127",0.41,On,NEM,Gas,-
ATCO AUSTRALIA PTY LTD,Corporate Total,C,-,"1,926,929","535,258","260,677","3,787","264,464",-,-,-,-,-
AWF AUS HOLD OP CO PTY LTD,Facility,F,VIC,"2,049,563","569,323",100,"1,637","1,737",0.00,On,NEM,Wind,-
AWF AUS HOLD OP CO PTY LTD,Corporate Total,C,-,"2,049,563","569,323",100,"1,637","1,737",-,-,-,-,-
BALD HILLS WF HOLDINGS PTY LTD,Bald Hills Wind Farm Pty Ltd,F,VIC,"1,228,860","341,350",97,673,770,0.00,On,NEM,Wind,-
BALD HILLS WF HOLDINGS PTY LTD,Corporate Total,C,-,"1,228,860","341,350",97,673,770,-,-,-,-,-
BEI WWF PTY LTD,Warradarge Wind Farm,F,WA,"1,797,588","499,330",994,547,"1,541",0.00,On,SWIS,Wind,-
BEI WWF PTY LTD,Corporate Total,C,-,"1,797,588","499,330",994,547,"1,541",-,-,-,-,-
BEIJING JINGNENG CLEAN ENERGY (AUSTRALIA) HOLDING PTY LTD,Gullen Solar Pty Ltd,F,NSW,"67,807","18,835",1,43,44,0.00,On,NEM,Solar,-
BEIJING JINGNENG CLEAN ENERGY (AUSTRALIA) HOLDING PTY LTD,New Gullen Range Wind Farm Pty Ltd,F,NSW,"1,818,406","505,113",55,442,497,0.00,On,NEM,Wind,-
BEIJING JINGNENG CLEAN ENERGY (AUSTRALIA) HOLDING PTY LTD,Newtricity Developments Biala Pty Ltd,F,NSW,"311,838","86,622",23,531,554,0.00,On,NEM,Wind,-
BEIJING JINGNENG CLEAN ENERGY (AUSTRALIA) HOLDING PTY LTD,Corporate Total,C,-,"2,198,051","610,570",79,"1,016","1,095",-,-,-,-,-
BHP GROUP LIMITED,Yarnima Power Station,F,WA,"2,691,050","747,514","343,639",0,"343,639",0.46,Off,Off-grid,Gas,-
BHP GROUP LIMITED,Corporate Total,C,-,"2,691,050","747,514","343,639",0,"343,639",-,-,-,-,-
BLUEWATERS POWER 1 PTY LTD,Bluewaters Power 1,F,WA,"5,808,996","1,613,610","1,216,374","3,063","1,219,437",0.75,On,SWIS,Black Coal,-
BLUEWATERS POWER 1 PTY LTD,Corporate Total,C,-,"5,808,996","1,613,610","1,216,374","3,063","1,219,437",-,-,-,-,-
BLUEWATERS POWER 2 PTY LTD,Bluewaters Power 2,F,WA,"6,083,427","1,689,841","1,254,100","2,211","1,256,311",0.74,On,SWIS,Black Coal,-
BLUEWATERS POWER 2 PTY LTD,Corporate Total,C,-,"6,083,427","1,689,841","1,254,100","2,211","1,256,311",-,-,-,-,-
C S ENERGY LIMITED,Callide B Power Station,F,QLD,"11,317,007","3,143,613","2,983,083","34,749","3,017,832",0.95,On,NEM,Black Coal,-
C S ENERGY LIMITED,Callide C Power Station,F,QLD,"18,205,965","5,057,213","4,549,575","29,039","4,578,614",0.90,On,NEM,Black Coal,"Please note that where more than one person has operational control over a facility at the same time and no nomination of operational control has been made, data for the facility for the entire period must be reported by the controlling corporation of each entity with operational control. This results in the same facility being reported multiple times. C S ENERGY LIMITED and OZGEN HOLDINGS AUSTRALIA PTY LTD, have each included the same data for the Callide C Power Station in their NGER reports."
C S ENERGY LIMITED,Kogan Creek Power Station,F,QLD,"18,428,566","5,119,046","4,366,178","4,821","4,370,999",0.85,On,NEM,Black Coal,-
C S ENERGY LIMITED,Corporate Total,C,-,"47,951,538","13,319,872","11,898,836","68,609","11,967,445",-,-,-,-,-
CAPE BYRON MANAGEMENT PTY LTD,Broadwater Power Plant,F,NSW,"698,416","194,005","9,556","1,449","11,005",0.05,On,NEM,Bagasse,-
CAPE BYRON MANAGEMENT PTY LTD,Condong Power Plant,F,NSW,"593,907","164,974","5,801","1,293","7,094",0.04,On,NEM,Bagasse,-
CAPE BYRON MANAGEMENT PTY LTD,Corporate Total,C,-,"1,292,323","358,979","15,357","2,742","18,099",-,-,-,-,-
CBWF HOLDINGS PTY LIMITED,Facility,F,VIC,"292,965","81,379",15,73,88,0.00,On,NEM,Wind,-
CBWF HOLDINGS PTY LIMITED,Corporate Total,C,-,"292,965","81,379",15,73,88,-,-,-,-,-
CECEP WIND POWER AUSTRALIA HOLDING PTY LTD,White Rock Wind Farm Pty Ltd,F,NSW,"1,825,006","506,946",74,312,386,0.00,On,NEM,Wind,-
CECEP WIND POWER AUSTRALIA HOLDING PTY LTD,Corporate Total,C,-,"1,825,006","506,946",74,312,386,-,-,-,-,-
CK WILLIAM AUSTRALIA HOLDINGS PTY LTD,Appin CSM Power Station,F,NSW,"899,023","249,729","248,219",13,"248,232",0.99,On,NEM,Waste Coal Mine Gas,-
CK WILLIAM AUSTRALIA HOLDINGS PTY LTD,Ardyaloon Facility,F,WA,"7,351","2,042","1,463",0,"1,463",0.72,Off,Off-grid,Diesel,-
CK WILLIAM AUSTRALIA HOLDINGS PTY LTD,Beagle Bay Facility,F,WA,"6,767","1,880","1,359",0,"1,359",0.72,Off,Off-grid,Diesel,-
CK WILLIAM AUSTRALIA HOLDINGS PTY LTD,Belrose LFG Power Station,F,NSW,349,97,56,20,76,0.58,On,NEM,Landfill Gas,-
CK WILLIAM AUSTRALIA HOLDINGS PTY LTD,Berwick LFG Power Station,F,VIC,"34,600","9,611",740,137,877,0.08,On,NEM,Landfill Gas,-
CK WILLIAM AUSTRALIA HOLDINGS PTY LTD,Bidyadanga Facility,F,WA,"10,339","2,872","2,096",0,"2,096",0.73,Off,Off-grid,Diesel,-
CK WILLIAM AUSTRALIA HOLDINGS PTY LTD,Broadmeadows LFG Power Station,F,VIC,"42,580","11,828",907,113,"1,020",0.08,On,NEM,Landfill Gas,-
CK WILLIAM AUSTRALIA HOLDINGS PTY LTD,Brooklyn LFG Power Station,F,VIC,"29,263","8,129",593,2,595,0.07,On,NEM,Landfill Gas,-
CK WILLIAM AUSTRALIA HOLDINGS PTY LTD,Broome LNG Power Station,F,WA,"499,610","138,780","78,759",24,"78,783",0.57,Off,Off-grid,Gas,-
CK WILLIAM AUSTRALIA HOLDINGS PTY LTD,Browns Plains LFG Power Station,F,QLD,"55,301","15,361","1,167",2,"1,169",0.08,On,NEM,Landfill Gas,-
CK WILLIAM AUSTRALIA HOLDINGS PTY LTD,Clayton LFG Power Station,F,VIC,"294,790","81,886","5,344",283,"5,627",0.07,On,NEM,Landfill Gas,-
CK WILLIAM AUSTRALIA HOLDINGS PTY LTD,Coober Pedy Facility,F,SA,"63,400","17,611","1,892",0,"1,892",0.11,Off,Off-grid,Wind,-
CK WILLIAM AUSTRALIA HOLDINGS PTY LTD,Corio LFG Power Station,F,VIC,"25,840","7,178",555,3,558,0.08,On,NEM,Landfill Gas,-
CK WILLIAM AUSTRALIA HOLDINGS PTY LTD,Cullerin Range Wind Farm,F,NSW,"250,956","69,710",17,91,108,0.00,On,NEM,Wind,-
CK WILLIAM AUSTRALIA HOLDINGS PTY LTD,Derby LNG Power Station,F,WA,"122,307","33,974","20,599",0,"20,599",0.61,Off,Off-grid,Gas,-
CK WILLIAM AUSTRALIA HOLDINGS PTY LTD,Djarindjin Facility,F,WA,"6,335","1,760","1,274",0,"1,274",0.72,Off,Off-grid,Diesel,-
CK WILLIAM AUSTRALIA HOLDINGS PTY LTD,Eastern Creek LFG Power Station,F,NSW,"25,001","6,945",488,7,495,0.07,On,NEM,Landfill Gas,-
CK WILLIAM AUSTRALIA HOLDINGS PTY LTD,Fitzroy Crossing LNG Power Station,F,WA,"51,094","14,193","8,874",0,"8,874",0.63,Off,Off-grid,Gas,-
CK WILLIAM AUSTRALIA HOLDINGS PTY LTD,Gascoyne Facility,F,WA,"2,388",663,601,0,601,0.91,Off,Off-grid,Diesel,-
CK WILLIAM AUSTRALIA HOLDINGS PTY LTD,German Creek CMM Power Station,F,QLD,"1,024,971","284,714","156,454",20,"156,474",0.55,On,NEM,Waste Coal Mine Gas,-
CK WILLIAM AUSTRALIA HOLDINGS PTY LTD,Glennies Creek WCMG Power Station,F,NSW,"331,564","92,101","48,417",3,"48,420",0.53,On,NEM,Waste Coal Mine Gas,-
CK WILLIAM AUSTRALIA HOLDINGS PTY LTD,Grange Avenue LFG Power Station,F,NSW,"16,149","4,486",319,4,323,0.07,On,NEM,Landfill Gas,-
CK WILLIAM AUSTRALIA HOLDINGS PTY LTD,Grosvenor 1 WCMG Power Station,F,QLD,"510,305","141,752","80,510",6,"80,516",0.57,On,NEM,Waste Coal Mine Gas,-
CK WILLIAM AUSTRALIA HOLDINGS PTY LTD,Grosvenor 2 WCMG Power Station,F,QLD,"345,750","96,042","55,380",4,"55,384",0.58,On,NEM,Waste Coal Mine Gas,-
CK WILLIAM AUSTRALIA HOLDINGS PTY LTD,Halls Creek LNG Power Station,F,WA,"42,069","11,686","7,581",0,"7,581",0.65,Off,Off-grid,Gas,-
CK WILLIAM AUSTRALIA HOLDINGS PTY LTD,Jack's Gully LFG Power Station,F,NSW,"32,506","9,029",699,1,700,0.08,On,NEM,Landfill Gas,-
CK WILLIAM AUSTRALIA HOLDINGS PTY LTD,Kalamunda Power Station,F,WA,0,0,1,0,1,0.00,On,SWIS,Diesel,-
CK WILLIAM AUSTRALIA HOLDINGS PTY LTD,Laverton Facility,F,WA,"14,461","4,017","2,861",0,"2,861",0.71,Off,Off-grid,Diesel,-
CK WILLIAM AUSTRALIA HOLDINGS PTY LTD,Leonora Facility,F,WA,"29,410","8,170","6,311",0,"6,311",0.77,Off,Off-grid,Gas,-
CK WILLIAM AUSTRALIA HOLDINGS PTY LTD,Looma NGD Power Station,F,WA,"9,087","2,524","1,869",0,"1,869",0.74,Off,Off-grid,Diesel,-
CK WILLIAM AUSTRALIA HOLDINGS PTY LTD,Lucas Heights 1 LFG Power Station,F,NSW,"43,250","12,014",943,3,946,0.08,On,NEM,Landfill Gas,-
CK WILLIAM AUSTRALIA HOLDINGS PTY LTD,Lucas Heights 2 LFG Power Station,F,NSW,"418,510","116,253","9,383",2,"9,385",0.08,On,NEM,Landfill Gas,-
CK WILLIAM AUSTRALIA HOLDINGS PTY LTD,McArthur River Power Station,F,NT,"1,182,344","328,429","168,784",0,"168,784",0.51,Off,Off-grid,Gas,-
CK WILLIAM AUSTRALIA HOLDINGS PTY LTD,Menzies Facility,F,WA,"2,251",625,501,0,501,0.80,Off,Off-grid,Diesel,-
CK WILLIAM AUSTRALIA HOLDINGS PTY LTD,Moranbah North CMM Power Station,F,QLD,"1,298,272","360,631","213,038",16,"213,054",0.59,On,NEM,Waste Coal Mine Gas,-
CK WILLIAM AUSTRALIA HOLDINGS PTY LTD,Mugga Lane LFG Power Station,F,ACT,0,0,0,3,3,0.00,On,NEM,Landfill Gas,-
CK WILLIAM AUSTRALIA HOLDINGS PTY LTD,Oaky Creek II WCMG Power Station,F,QLD,"334,009","92,780","52,701",40,"52,741",0.57,On,NEM,Waste Coal Mine Gas,-
CK WILLIAM AUSTRALIA HOLDINGS PTY LTD,Oaky Creek WCMG Power Station,F,QLD,"281,532","78,203","40,593",62,"40,655",0.52,On,NEM,Waste Coal Mine Gas,-
CK WILLIAM AUSTRALIA HOLDINGS PTY LTD,Pine Creek A Power Station,F,NT,"765,667","212,685","99,718",0,"99,718",0.47,On,DKIS,Gas,-
CK WILLIAM AUSTRALIA HOLDINGS PTY LTD,Red Hill LFG Power Station,F,WA,"77,397","21,499","1,654",2,"1,656",0.08,On,SWIS,Landfill Gas,-
CK WILLIAM AUSTRALIA HOLDINGS PTY LTD,Springvale LFG Power Station,F,VIC,"22,268","6,186",480,4,484,0.08,On,NEM,Landfill Gas,-
CK WILLIAM AUSTRALIA HOLDINGS PTY LTD,Tahmoor WCMG Power Station,F,NSW,"173,792","48,276","27,460",5,"27,465",0.57,On,NEM,Waste Coal Mine Gas,-
CK WILLIAM AUSTRALIA HOLDINGS PTY LTD,Tamala Park LFG Power Station,F,WA,"117,355","32,599","2,505",3,"2,508",0.08,On,SWIS,Landfill Gas,-
CK WILLIAM AUSTRALIA HOLDINGS PTY LTD,Tower CSM Power Station,F,NSW,"587,770","163,269","105,330",24,"105,354",0.65,On,NEM,Waste Coal Mine Gas,-
CK WILLIAM AUSTRALIA HOLDINGS PTY LTD,Warmun Facility,F,WA,"9,427","2,619","1,972",0,"1,972",0.75,Off,Off-grid,Diesel,-
CK WILLIAM AUSTRALIA HOLDINGS PTY LTD,Weipa Solar Power Station,F,QLD,"9,029","2,508",0,11,11,0.00,Off,Off-grid,Solar,-
CK WILLIAM AUSTRALIA HOLDINGS PTY LTD,Wingfield 1 LFG Power Station,F,SA,"23,767","6,602",886,4,890,0.13,On,NEM,Landfill Gas,-
CK WILLIAM AUSTRALIA HOLDINGS PTY LTD,Wingfield 2 LFG Power Station,F,SA,"62,744","17,429","1,327",2,"1,329",0.08,On,NEM,Landfill Gas,-
CK WILLIAM AUSTRALIA HOLDINGS PTY LTD,Wonthaggi Wind Farm,F,VIC,"81,626","22,674",4,47,51,0.00,On,NEM,Wind,-
CK WILLIAM AUSTRALIA HOLDINGS PTY LTD,Corporate Total,C,-,"10,274,576","2,854,049","1,462,684",961,"1,463,645",-,-,-,-,-
CLARE SOLAR FARM HOLDINGS PTY LTD,Clare Solar Farm,F,QLD,"726,307","201,752",80,840,920,0.00,On,NEM,Solar,-
CLARE SOLAR FARM HOLDINGS PTY LTD,Corporate Total,C,-,"726,307","201,752",80,840,920,-,-,-,-,-
CLARKE ENERGY (AUSTRALIA) PTY. LTD.,Daandine Power Station,F,QLD,"406,375","112,882","61,562",660,"62,222",0.55,On,NEM,Coal Seam Methane,"Please note that where more than one person has operational control over a facility at the same time and no nomination of operational control has been made, data for the facility for the entire period must be reported by the controlling corporation of each entity with operational control. This results in the same facility being reported multiple times. APT PIPELINES LIMITED and CLARKE ENERGY (AUSTRALIA) PTY. LTD., have each included the same data for the Daandine Power Station in their NGER reports."
CLARKE ENERGY (AUSTRALIA) PTY. LTD.,Corporate Total,C,-,"406,375","112,882","61,562",660,"62,222",-,-,-,-,-
CLEANCO QUEENSLAND LIMITED,Barron Gorge Power Station,F,QLD,"680,393","188,998",299,543,842,0.00,On,NEM,Hydro,-
CLEANCO QUEENSLAND LIMITED,Kareeya Power Station,F,QLD,"2,018,871","560,798",70,846,916,0.00,On,NEM,Hydro,-
CLEANCO QUEENSLAND LIMITED,Swanbank E Power Station,F,QLD,"3,894,520","1,081,811","440,081","1,192","441,273",0.41,On,NEM,Gas,-
CLEANCO QUEENSLAND LIMITED,Wivenhoe Power Station,F,QLD,"676,578","187,938",27,"304,307","304,334",0.00,On,NEM,Hydro,-
CLEANCO QUEENSLAND LIMITED,Corporate Total,C,-,"7,270,362","2,019,545","440,477","306,888","747,365",-,-,-,-,-
CONTRACT POWER AUSTRALIA PTY LTD,Cue Town Powerstation,F,WA,"12,371","3,436","2,416",0,"2,416",0.70,Off,Off-grid,Diesel,-
CONTRACT POWER AUSTRALIA PTY LTD,Meekatharra Town Powerstation,F,WA,"21,671","6,020","4,141",0,"4,141",0.69,Off,Off-grid,Diesel,-
CONTRACT POWER AUSTRALIA PTY LTD,Mt Magnet Town Powerstation,F,WA,"14,074","3,910","2,393",0,"2,393",0.61,Off,Off-grid,Gas,-
CONTRACT POWER AUSTRALIA PTY LTD,Norseman Gold Power Station,F,WA,"11,889","3,303","2,402",0,"2,402",0.73,Off,Off-grid,Diesel,-
CONTRACT POWER AUSTRALIA PTY LTD,Sandstone Town Powerstation,F,WA,"2,349",652,511,0,511,0.78,Off,Off-grid,Diesel,-
CONTRACT POWER AUSTRALIA PTY LTD,Wiluna Town Powerstation,F,WA,"8,508","2,364","1,667",0,"1,667",0.71,Off,Off-grid,Diesel,-
CONTRACT POWER AUSTRALIA PTY LTD,Yalgoo Town Powerstation,F,WA,"3,555",987,797,0,797,0.81,Off,Off-grid,Diesel,-
CONTRACT POWER AUSTRALIA PTY LTD,Corporate Total,C,-,"74,417","20,671","14,327",0,"14,327",-,-,-,-,-
CWF HOLDINGS PTY LTD,Collgar Wind Farm,F,WA,"2,486,495","690,693",247,"1,346","1,593",0.00,On,SWIS,Wind,-
CWF HOLDINGS PTY LTD,Corporate Total,C,-,"2,486,495","690,693",247,"1,346","1,593",-,-,-,-,-
DELTA ELECTRICITY PTY LTD,Vales Point Power Station,F,NSW,"24,372,427","6,770,119","6,367,344","98,996","6,466,340",0.94,On,NEM,Black Coal,-
DELTA ELECTRICITY PTY LTD,Corporate Total,C,-,"24,372,427","6,770,119","6,367,344","98,996","6,466,340",-,-,-,-,-
DIF INFRA 4 HOLDINGS AUSTRALIA PTY LTD,Royalla Solar Farm,F,ACT,"124,964","34,712",0,170,170,0.00,On,NEM,Solar,-
DIF INFRA 4 HOLDINGS AUSTRALIA PTY LTD,Corporate Total,C,-,"124,964","34,712",0,170,170,-,-,-,-,-
DUNDONNELL WIND FARM PTY LTD,Dundonnell Wind Farm,F,VIC,"2,930,100","813,917",243,484,727,0.00,On,NEM,Wind,-
DUNDONNELL WIND FARM PTY LTD,Corporate Total,C,-,"2,930,100","813,917",243,484,727,-,-,-,-,-
EDIFY ENERGY PTY. LTD.,Gannawarra Solar Farm Pty Ltd,F,VIC,"382,474","106,243",17,0,17,0.00,On,NEM,Solar,-
EDIFY ENERGY PTY. LTD.,GESS ProjectCo Pty Ltd,F,VIC,0,0,15,"2,842","2,857",0.00,On,NEM,Battery,-
EDIFY ENERGY PTY. LTD.,Hamilton Solar Farm Pty Ltd,F,QLD,"452,015","125,560",116,0,116,0.00,On,NEM,Solar,-
EDIFY ENERGY PTY. LTD.,The Daydream Solar Farm Trust,F,QLD,"1,180,951","328,042",35,0,35,0.00,On,NEM,Solar,-
EDIFY ENERGY PTY. LTD.,The Hayman Solar Farm Trust,F,QLD,"375,046","104,180",17,0,17,0.00,On,NEM,Solar,-
EDIFY ENERGY PTY. LTD.,Whitsunday Solar Farm Pty,F,QLD,"394,974","109,715",115,0,115,0.00,On,NEM,Solar,-
EDIFY ENERGY PTY. LTD.,Darlington Point Solar Farm Pty Ltd,F,NSW,"756,647","210,180",151,0,151,0.00,On,NEM,Solar,-
EDIFY ENERGY PTY. LTD.,Corporate Total,C,-,"3,542,107","983,919",466,"2,842","3,308",-,-,-,-,-
ELECTRICITY GENERATION AND RETAIL CORPORATION,Bremer Bay Wind Diesel Power Station,F,WA,"6,783","1,884",10,2,12,0.01,On,SWIS,Wind,-
ELECTRICITY GENERATION AND RETAIL CORPORATION,Cockburn Power Station,F,WA,"471,454","130,959","52,840",0,"52,840",0.40,On,SWIS,Gas,-
ELECTRICITY GENERATION AND RETAIL CORPORATION,Collie Power Station,F,WA,"3,756,282","1,043,412","956,005","2,183","958,188",0.92,On,SWIS,Black Coal,-
ELECTRICITY GENERATION AND RETAIL CORPORATION,Coral Bay Wind Diesel Power Station,F,WA,"13,734","3,815","1,780",0,"1,780",0.47,Off,Off-grid,Diesel,-
ELECTRICITY GENERATION AND RETAIL CORPORATION,Denham Wind Farm,F,WA,"5,243","1,456",0,0,0,0.00,Off,Off-grid,Wind,-
ELECTRICITY GENERATION AND RETAIL CORPORATION,Esperance Wind Farm,F,WA,"48,961","13,600",1,6,7,0.00,Off,Off-grid,Wind,-
ELECTRICITY GENERATION AND RETAIL CORPORATION,Hopetoun Wind Diesel Power Station,F,WA,"19,277","5,355","2,449",0,"2,449",0.46,Off,Off-grid,Diesel,-
ELECTRICITY GENERATION AND RETAIL CORPORATION,Kalbarri Wind Farm,F,WA,"7,503","2,084",0,8,8,0.00,On,SWIS,Wind,-
ELECTRICITY GENERATION AND RETAIL CORPORATION,Kalgoorlie Gas Turbine Station,F,WA,"19,560","5,433","5,283",0,"5,283",0.97,On,SWIS,Gas,-
ELECTRICITY GENERATION AND RETAIL CORPORATION,Kwinana Power Station,F,WA,"2,411,711","669,920","354,786",595,"355,381",0.53,On,SWIS,Gas,-
ELECTRICITY GENERATION AND RETAIL CORPORATION,Muja Power Station,F,WA,"12,914,677","3,587,410","3,260,481","1,642","3,262,123",0.91,On,SWIS,Black Coal,-
ELECTRICITY GENERATION AND RETAIL CORPORATION,Mungarra Gas Turbine Station,F,WA,"111,333","30,926","25,262",0,"25,262",0.82,On,SWIS,Gas,-
ELECTRICITY GENERATION AND RETAIL CORPORATION,Pinjar Gas Turbine Station,F,WA,"2,014,036","559,454","497,194",0,"497,194",0.89,On,SWIS,Gas,-
ELECTRICITY GENERATION AND RETAIL CORPORATION,Corporate Total,C,-,"21,800,554","6,055,709","5,156,091","4,436","5,160,527",-,-,-,-,-
ELECTRICITY NETWORKS CORPORATION,Ravensthorpe Power Station,F,WA,249,69,50,0,50,0.72,On,SWIS,Diesel,-
ELECTRICITY NETWORKS CORPORATION,Corporate Total,C,-,249,69,50,0,50,-,-,-,-,-
ELLIOTT GREEN CHILDERS PTY LTD,Childers Solar Farm,F,QLD,"389,998","108,333",14,279,293,0.00,On,NEM,Solar,-
ELLIOTT GREEN CHILDERS PTY LTD,Corporate Total,C,-,"389,998","108,333",14,279,293,-,-,-,-,-
ELLIOTT GREEN NEVERTIRE PTY LTD,Nevertire Solar Farm,F,NSW,"846,065","235,018",11,628,639,0.00,On,NEM,Solar,-
ELLIOTT GREEN NEVERTIRE PTY LTD,Corporate Total,C,-,"846,065","235,018",11,628,639,-,-,-,-,-
ELLIOTT GREEN SUSAN RIVER PTY LTD,Susan River Solar Farm,F,QLD,"545,836","151,621",17,379,396,0.00,On,NEM,Solar,-
ELLIOTT GREEN SUSAN RIVER PTY LTD,Corporate Total,C,-,"545,836","151,621",17,379,396,-,-,-,-,-
ENEL GREEN POWER AUSTRALIA PTY LTD,Bungala One Solar Farm,F,SA,"900,995","250,276",0,0,0,0.00,On,NEM,Solar,-
ENEL GREEN POWER AUSTRALIA PTY LTD,Bungala Two Solar Farm,F,SA,"895,644","248,790",0,0,0,0.00,On,NEM,Solar,-
ENEL GREEN POWER AUSTRALIA PTY LTD,Corporate Total,C,-,"1,796,639","499,066",0,0,0,-,-,-,-,-
ENERGY QUEENSLAND LIMITED,Aurukun Remote generation,F,QLD,"22,024","6,118","4,316",0,"4,316",0.71,Off,Off-grid,Diesel,-
ENERGY QUEENSLAND LIMITED,Badu Island Remote Generation,F,QLD,"12,620","3,505","2,369",0,"2,369",0.68,Off,Off-grid,Diesel,-
ENERGY QUEENSLAND LIMITED,Bamaga Remote Generation,F,QLD,"57,973","16,104","10,732",0,"10,732",0.67,Off,Off-grid,Diesel,-
ENERGY QUEENSLAND LIMITED,Barcaldine Power Station Facility,F,QLD,"16,635","4,621","6,132",431,"6,563",1.33,On,NEM,Gas,-
ENERGY QUEENSLAND LIMITED,Bedourie Remote Generation,F,QLD,"5,383","1,495",970,0,970,0.65,Off,Off-grid,Diesel,-
ENERGY QUEENSLAND LIMITED,Birdsville Remote Generation,F,QLD,"6,034","1,676","1,072",0,"1,072",0.64,Off,Off-grid,Diesel,-
ENERGY QUEENSLAND LIMITED,Boigu Island Remote Generation,F,QLD,"4,999","1,389","1,008",0,"1,008",0.73,Off,Off-grid,Diesel,-
ENERGY QUEENSLAND LIMITED,Boulia Remote Generation,F,QLD,"10,752","2,987","2,073",0,"2,073",0.69,Off,Off-grid,Diesel,-
ENERGY QUEENSLAND LIMITED,Burketown Remote Generation,F,QLD,"8,492","2,359","1,568",0,"1,568",0.66,Off,Off-grid,Diesel,-
ENERGY QUEENSLAND LIMITED,Camooweal Remote Generation,F,QLD,"7,117","1,977","1,448",0,"1,448",0.73,Off,Off-grid,Diesel,-
ENERGY QUEENSLAND LIMITED,Coconut Island Remote Generation,F,QLD,"4,405","1,224",880,0,880,0.72,Off,Off-grid,Diesel,-
ENERGY QUEENSLAND LIMITED,Coen Remote Generation,F,QLD,"6,815","1,893","1,243",0,"1,243",0.66,Off,Off-grid,Diesel,-
ENERGY QUEENSLAND LIMITED,Darnley Island Remote Generation,F,QLD,"6,856","1,904","1,154",0,"1,154",0.61,Off,Off-grid,Diesel,-
ENERGY QUEENSLAND LIMITED,Dauan Island Remote Generation,F,QLD,"3,522",978,731,0,731,0.75,Off,Off-grid,Diesel,-
ENERGY QUEENSLAND LIMITED,Doomadgee Remote Generation,F,QLD,"26,937","7,483","4,593",0,"4,593",0.61,Off,Off-grid,Diesel,-
ENERGY QUEENSLAND LIMITED,Energy Impact - Bromelton Peak Generation Plant - Facility,F,QLD,"8,931","2,481","1,274",400,"1,674",0.51,On,NEM,Diesel,-
ENERGY QUEENSLAND LIMITED,Energy Impact - Generation - Facility,F,QLD,"11,618","3,227","2,273",0,"2,273",0.70,On,NEM,Diesel,-
ENERGY QUEENSLAND LIMITED,Gununa Remote Generation,F,QLD,"22,301","6,195","4,283",0,"4,283",0.69,Off,Off-grid,Diesel,-
ENERGY QUEENSLAND LIMITED,Hammond Island,F,QLD,"3,215",893,682,0,682,0.76,Off,Off-grid,Diesel,-
ENERGY QUEENSLAND LIMITED,Jundah Remote Generation,F,QLD,"4,594","1,276",842,0,842,0.66,Off,Off-grid,Diesel,-
ENERGY QUEENSLAND LIMITED,Kowanyama Remote Generation,F,QLD,"18,452","5,126","3,482",0,"3,482",0.68,Off,Off-grid,Diesel,-
ENERGY QUEENSLAND LIMITED,Kubin Island Remote Generation,F,QLD,"8,757","2,433","1,669",0,"1,669",0.69,Off,Off-grid,Diesel,-
ENERGY QUEENSLAND LIMITED,Lockhart River Remote Generation,F,QLD,"9,926","2,757","1,920",0,"1,920",0.70,Off,Off-grid,Diesel,-
ENERGY QUEENSLAND LIMITED,Mabuig Island Remote Generation,F,QLD,"4,437","1,233",902,0,902,0.73,Off,Off-grid,Diesel,-
ENERGY QUEENSLAND LIMITED,Mapoon Remote Generation,F,QLD,"6,539","1,816","1,143",0,"1,143",0.63,Off,Off-grid,Diesel,-
ENERGY QUEENSLAND LIMITED,Murray Island Remote Generation,F,QLD,"7,901","2,195","1,512",0,"1,512",0.69,Off,Off-grid,Diesel,-
ENERGY QUEENSLAND LIMITED,Palm Island Remote Generation,F,QLD,"30,878","8,577","6,018",0,"6,018",0.70,Off,Off-grid,Diesel,-
ENERGY QUEENSLAND LIMITED,Pormpuraaw,F,QLD,"11,649","3,236","2,252",0,"2,252",0.70,Off,Off-grid,Diesel,-
ENERGY QUEENSLAND LIMITED,Sabai Island Remote Generation,F,QLD,"6,497","1,805","1,280",0,"1,280",0.71,Off,Off-grid,Diesel,-
ENERGY QUEENSLAND LIMITED,Stephen Island Remote Generation,F,QLD,"1,776",494,357,0,357,0.72,Off,Off-grid,Diesel,-
ENERGY QUEENSLAND LIMITED,Thursday Island Remote Generation,F,QLD,"95,562","26,545","17,075",0,"17,075",0.64,Off,Off-grid,Diesel,-
ENERGY QUEENSLAND LIMITED,Warraber Island Remote Generation,F,QLD,"5,521","1,533","1,086",0,"1,086",0.71,Off,Off-grid,Diesel,-
ENERGY QUEENSLAND LIMITED,Wasaga Remote Generation,F,QLD,"17,426","4,841","3,367",0,"3,367",0.70,Off,Off-grid,Diesel,-
ENERGY QUEENSLAND LIMITED,Windorah Remote Generation,F,QLD,"4,571","1,270",778,0,778,0.61,Off,Off-grid,Diesel,-
ENERGY QUEENSLAND LIMITED,Yam Island,F,QLD,"6,884","1,912","1,322",0,"1,322",0.69,Off,Off-grid,Diesel,-
ENERGY QUEENSLAND LIMITED,York Island,F,QLD,"5,781","1,606","1,129",0,"1,129",0.70,Off,Off-grid,Diesel,-
ENERGY QUEENSLAND LIMITED,Corporate Total,C,-,"493,780","137,161","94,935",831,"95,766",-,-,-,-,-
ENERGYAUSTRALIA HOLDINGS LIMITED,Hallett Power Station,F,SA,"161,990","44,997","29,573","1,055","30,628",0.66,On,NEM,Gas,-
ENERGYAUSTRALIA HOLDINGS LIMITED,Jeeralang Power Station,F,VIC,"460,490","127,914","94,587","5,378","99,965",0.74,On,NEM,Gas,-
ENERGYAUSTRALIA HOLDINGS LIMITED,Mt Piper Power Station,F,NSW,"29,108,758","8,085,766","7,082,278","10,060","7,092,338",0.88,On,NEM,Black Coal,-
ENERGYAUSTRALIA HOLDINGS LIMITED,Newport Power Station,F,VIC,"1,060,963","294,712","165,632","22,240","187,872",0.56,On,NEM,Gas,-
ENERGYAUSTRALIA HOLDINGS LIMITED,Tallawarra Power Station,F,NSW,"2,441,731","678,259","258,550","6,658","265,208",0.38,On,NEM,Gas,-
ENERGYAUSTRALIA HOLDINGS LIMITED,Yallourn Power Station,F,VIC,"32,048,316","8,902,310","11,066,127","144,839","11,210,966",1.24,On,NEM,Brown Coal,-
ENERGYAUSTRALIA HOLDINGS LIMITED,Corporate Total,C,-,"65,282,248","18,133,958","18,696,747","190,230","18,886,977",-,-,-,-,-
ESPERANCE POWER STATION PTY LTD,Esperance Power Station,F,WA,"244,361","67,878","54,077",0,"54,077",0.80,Off,Off-grid,Gas,-
ESPERANCE POWER STATION PTY LTD,Corporate Total,C,-,"244,361","67,878","54,077",0,"54,077",-,-,-,-,-
ESSENTIAL ENERGY,Essential Energy Generation Facility - Broken Hill Gas Turbine,F,NSW,266,74,0,255,255,0.00,On,NEM,Diesel,-
ESSENTIAL ENERGY,Corporate Total,C,-,266,74,0,255,255,-,-,-,-,-
FENGATE EXMOUTH ENERGY SPV PTY LTD,Exmouth Power Station Pty Ltd,F,WA,"96,975","26,937","18,780",0,"18,780",0.70,Off,Off-grid,Gas,-
FENGATE EXMOUTH ENERGY SPV PTY LTD,Corporate Total,C,-,"96,975","26,937","18,780",0,"18,780",-,-,-,-,-
FINLEY SOLAR HOLDINGS PTY LTD,Finley Solar Farm,F,NSW,"1,052,225","292,285",0,993,993,0.00,On,NEM,Solar,-
FINLEY SOLAR HOLDINGS PTY LTD,Corporate Total,C,-,"1,052,225","292,285",0,993,993,-,-,-,-,-
FORTESCUE METALS GROUP LTD,Solomon Power Station,F,WA,"1,082,415","300,671","183,646",0,"183,646",0.61,Off,Off-grid,Gas,-
FORTESCUE METALS GROUP LTD,Corporate Total,C,-,"1,082,415","300,671","183,646",0,"183,646",-,-,-,-,-
FS OAKEY 2 PTY LTD,Oakey 2 Solar Farm,F,QLD,"373,189","103,664",0,0,0,0.00,On,NEM,Solar,-
FS OAKEY 2 PTY LTD,Corporate Total,C,-,"373,189","103,664",0,0,0,-,-,-,-,-
GENEX POWER LIMITED,Kidston Solar One - Solar - Qld,F,QLD,"446,066","123,907",0,"1,196","1,196",0.00,On,NEM,Solar,-
GENEX POWER LIMITED,Jemalong PV Asset Pty Ltd as Trustee for the Jemalong PV Asset Trust,F,NSW,"53,452","14,848",0,344,344,0.00,On,NEM,Solar,-
GENEX POWER LIMITED,Corporate Total,C,-,"499,518","138,755",0,"1,540","1,540",-,-,-,-,-
GLENROWAN SUN FARM PTY LTD,Glenrowan West Solar Farm,F,VIC,"50,710","14,086",5,93,98,0.00,On,NEM,Solar,-
GLENROWAN SUN FARM PTY LTD,Corporate Total,C,-,"50,710","14,086",5,93,98,-,-,-,-,-
GLOBAL POWER GENERATION AUSTRALIA PTY LTD,Berrybank Wind farm,F,VIC,"559,543","155,429","2,233",556,"2,789",0.01,On,NEM,Wind,-
GLOBAL POWER GENERATION AUSTRALIA PTY LTD,Crookwell 2 Wind farm,F,NSW,"1,042,881","289,689",73,265,338,0.00,On,NEM,Wind,-
GLOBAL POWER GENERATION AUSTRALIA PTY LTD,Corporate Total,C,-,"1,602,424","445,118","2,306",821,"3,127",-,-,-,-,-
GOLDFIELDS POWER PTY LTD,Parkeston Power Station,F,WA,"941,977","261,661","146,132",0,"146,132",0.56,On,SWIS,Gas,-
GOLDFIELDS POWER PTY LTD,Corporate Total,C,-,"941,977","261,661","146,132",0,"146,132",-,-,-,-,-
GOONUMBLA HOLDINGS CO PTY. LTD.,Goonumbla Solar Farm,F,NSW,"475,866","132,185",19,447,466,0.00,On,NEM,Solar,-
GOONUMBLA HOLDINGS CO PTY. LTD.,Corporate Total,C,-,"475,866","132,185",19,447,466,-,-,-,-,-
GRAND BARGAIN HOLDCO PTY LTD,Crudine Ridge Wind Farm,F,NSW,"299,199","83,111","2,799",246,"3,045",0.03,On,NEM,Wind,-
GRAND BARGAIN HOLDCO PTY LTD,Bango Wind Farm,F,NSW,473,131,"2,688",533,"3,221",20.48,On,NEM,Wind,-
GRAND BARGAIN HOLDCO PTY LTD,Boco Rock Wind Farm,F,NSW,"1,242,465","345,129",182,902,"1,084",0.00,On,NEM,Wind,-
GRAND BARGAIN HOLDCO PTY LTD,Sapphire Wind Farm,F,NSW,"2,916,126","810,035",170,"1,619","1,789",0.00,On,NEM,Wind,-
GRAND BARGAIN HOLDCO PTY LTD,Corporate Total,C,-,"4,458,263","1,238,406","5,839","3,300","9,139",-,-,-,-,-
HYDRO-ELECTRIC CORPORATION,Bastyan Hydro Power Station,F,TAS,"1,110,745","308,540",0,21,21,0.00,On,NEM,Hydro,-
HYDRO-ELECTRIC CORPORATION,Butlers Gorge Hydro Power Station,F,TAS,"326,190","90,608",6,0,6,0.00,On,NEM,Hydro,-
HYDRO-ELECTRIC CORPORATION,Catagunya Hydro Power Station,F,TAS,"640,427","177,896",0,47,47,0.00,On,NEM,Hydro,-
HYDRO-ELECTRIC CORPORATION,Cethana Hydro Power Station,F,TAS,"1,072,070","297,797",0,866,866,0.00,On,NEM,Hydro,-
HYDRO-ELECTRIC CORPORATION,Cluny Hydro Power Station,F,TAS,"305,062","84,740",0,14,14,0.00,On,NEM,Hydro,-
HYDRO-ELECTRIC CORPORATION,Devils Gate Hydro Power Station,F,TAS,"788,919","219,144",0,17,17,0.00,On,NEM,Hydro,-
HYDRO-ELECTRIC CORPORATION,Fisher Hydro Power Station,F,TAS,"661,049","183,625",1,0,1,0.00,On,NEM,Hydro,-
HYDRO-ELECTRIC CORPORATION,Flinders Island Power Station,F,TAS,"25,258","7,016","1,738",0,"1,738",0.25,Off,Off-grid,Wind,-
HYDRO-ELECTRIC CORPORATION,Gordon Hydro Power Station,F,TAS,"4,044,892","1,123,581",45,34,79,0.00,On,NEM,Hydro,-
HYDRO-ELECTRIC CORPORATION,John Butters Hydro Power Station,F,TAS,"1,430,035","397,232",3,599,602,0.00,On,NEM,Hydro,-
HYDRO-ELECTRIC CORPORATION,King Island Power Station,F,TAS,"52,839","14,677","4,508",0,"4,508",0.31,Off,Off-grid,Wind,-
HYDRO-ELECTRIC CORPORATION,Lake Echo Hydro Power Station,F,TAS,"256,233","71,176",0,33,33,0.00,On,NEM,Hydro,-
HYDRO-ELECTRIC CORPORATION,Lake Margaret Lower Hydro Power station,F,TAS,"61,088","16,969",0,1,1,0.00,On,NEM,Hydro,-
HYDRO-ELECTRIC CORPORATION,Lake Margaret Upper Hydro Power Station,F,TAS,"158,964","44,157",0,4,4,0.00,On,NEM,Hydro,-
HYDRO-ELECTRIC CORPORATION,Lemonthyme Hydro Power Station,F,TAS,"798,835","221,899",0,47,47,0.00,On,NEM,Hydro,-
HYDRO-ELECTRIC CORPORATION,Liapootah Hydro Power Station,F,TAS,"1,542,846","428,568",19,54,73,0.00,On,NEM,Hydro,-
HYDRO-ELECTRIC CORPORATION,Mackintosh Hydro Power Station,F,TAS,"1,072,840","298,011",0,686,686,0.00,On,NEM,Hydro,-
HYDRO-ELECTRIC CORPORATION,Meadowbank Hydro Power Station,F,TAS,"395,521","109,867",0,25,25,0.00,On,NEM,Hydro,-
HYDRO-ELECTRIC CORPORATION,Paloona Hydro Power Station,F,TAS,"305,117","84,755",0,23,23,0.00,On,NEM,Hydro,-
HYDRO-ELECTRIC CORPORATION,Parangana Hydro Power Station,F,TAS,"18,321","5,089",0,0,0,0.00,On,NEM,Hydro,-
HYDRO-ELECTRIC CORPORATION,Poatina Hydro Power Station,F,TAS,"4,082,604","1,134,057",0,"1,396","1,396",0.00,On,NEM,Hydro,-
HYDRO-ELECTRIC CORPORATION,Reece Hydro Power Station,F,TAS,"2,810,674","780,743",0,"1,751","1,751",0.00,On,NEM,Hydro,-
HYDRO-ELECTRIC CORPORATION,Repulse Hydro Power Station,F,TAS,"499,442","138,734",0,15,15,0.00,On,NEM,Hydro,-
HYDRO-ELECTRIC CORPORATION,Rowallan Hydro Power Station,F,TAS,"107,273","29,798",0,0,0,0.00,On,NEM,Hydro,-
HYDRO-ELECTRIC CORPORATION,Tamar Valley Power Station,F,TAS,"311,981","86,661","44,977","1,743","46,720",0.52,On,NEM,Gas,-
HYDRO-ELECTRIC CORPORATION,Tarraleah Hydro Power Station,F,TAS,"2,264,778","629,105",0,104,104,0.00,On,NEM,Hydro,-
HYDRO-ELECTRIC CORPORATION,Trevallyn Hydro Power Station,F,TAS,"1,475,792","409,942",7,66,73,0.00,On,NEM,Hydro,-
HYDRO-ELECTRIC CORPORATION,Tribute Hydro Power Station,F,TAS,"766,197","212,833",0,50,50,0.00,On,NEM,Hydro,-
HYDRO-ELECTRIC CORPORATION,Tungatinah Hydro Power Station,F,TAS,"1,670,493","464,026",1,155,156,0.00,On,NEM,Hydro,-
HYDRO-ELECTRIC CORPORATION,Wayatinah Hydro Power Station,F,TAS,"901,143","250,318",3,33,36,0.00,On,NEM,Hydro,-
HYDRO-ELECTRIC CORPORATION,Wilmot Hydro Power Station,F,TAS,"319,192","88,664",2,70,72,0.00,On,NEM,Hydro,-
HYDRO-ELECTRIC CORPORATION,Corporate Total,C,-,"30,276,820","8,410,228","51,310","7,854","59,164",-,-,-,-,-
IMPACT INVESTMENT GROUP PTY LTD,Baking Board Solar Farm,F,QLD,"136,770","37,992",15,71,86,0.00,On,NEM,Solar,-
IMPACT INVESTMENT GROUP PTY LTD,Karratha Solar Power No 1 Pty Ltd,F,WA,"6,514","1,810",0,10,10,0.00,On,NWIS,Solar,-
IMPACT INVESTMENT GROUP PTY LTD,Maryrorough Solar Farm,F,QLD,"180,596","50,166",11,102,113,0.00,On,NEM,Solar,-
IMPACT INVESTMENT GROUP PTY LTD,Mount Majura Solar Farm,F,ACT,"15,086","4,191",0,1,1,0.00,On,NEM,Solar,-
IMPACT INVESTMENT GROUP PTY LTD,Swan Hill Solar Farm,F,VIC,"131,701","36,584",2,65,67,0.00,On,NEM,Solar,-
IMPACT INVESTMENT GROUP PTY LTD,Williamsdale Solar Farm,F,ACT,"72,758","20,210",2,60,62,0.00,On,NEM,Solar,-
IMPACT INVESTMENT GROUP PTY LTD,Corporate Total,C,-,"543,425","150,951",30,309,339,-,-,-,-,-
INFIGEN ENERGY LIMITED,Alinta Wind Farm,F,WA,"1,100,731","305,758",74,754,828,0.00,On,SWIS,Wind,-
INFIGEN ENERGY LIMITED,Bodangora Wind Farm,F,NSW,"1,200,046","333,346",73,265,338,0.00,On,NEM,Wind,-
INFIGEN ENERGY LIMITED,Capital Wind Farm,F,NSW,"1,278,218","355,061",152,907,"1,059",0.00,On,NEM,Wind,-
INFIGEN ENERGY LIMITED,Lake Bonney BESS Pty Ltd,F,SA,0,0,5,"1,301","1,306",0.00,On,NEM,Battery,-
INFIGEN ENERGY LIMITED,"Lake Bonney Stage 1,2 & 3 Wind Farm",F,SA,"2,014,987","559,719",106,860,966,0.00,On,NEM,Wind,-
INFIGEN ENERGY LIMITED,Smithfield Gas Turbine,F,NSW,"103,426","28,730","19,049","1,216","20,265",0.66,On,NEM,Gas,-
INFIGEN ENERGY LIMITED,Woodlawn Wind Farm,F,NSW,"516,482","143,467",43,350,393,0.00,On,NEM,Wind,-
INFIGEN ENERGY LIMITED,Cherry Tree Wind Farm,F,VIC,"707,960","196,655",61,394,455,0.00,On,NEM,Wind,-
INFIGEN ENERGY LIMITED,Iberdola Australia SAGT,F,SA,"17,280","4,800","4,368",173,"4,541",0.91,On,NEM,Gas,-
INFIGEN ENERGY LIMITED,Corporate Total,C,-,"6,939,130","1,927,536","23,931","6,220","30,151",-,-,-,-,-
INTERNATIONAL POWER (AUSTRALIA) HOLDINGS PTY LIMITED,Canunda Wind Farm,F,SA,"399,905","111,085",14,119,133,0.00,On,NEM,Wind,-
INTERNATIONAL POWER (AUSTRALIA) HOLDINGS PTY LIMITED,Dry Creek Power Station,F,SA,"53,394","14,832","14,022",364,"14,386",0.95,On,NEM,Gas,-
INTERNATIONAL POWER (AUSTRALIA) HOLDINGS PTY LIMITED,Kwinana Cogeneration Plant,F,WA,"2,808,166","780,046","403,342",15,"403,357",0.52,On,SWIS,Gas,-
INTERNATIONAL POWER (AUSTRALIA) HOLDINGS PTY LIMITED,Mintaro Power Station,F,SA,"70,256","19,515","13,920",94,"14,014",0.71,On,NEM,Gas,-
INTERNATIONAL POWER (AUSTRALIA) HOLDINGS PTY LIMITED,Pelican Point Power Station,F,SA,"9,151,547","2,542,096","1,005,924","3,441","1,009,365",0.40,On,NEM,Gas,-
INTERNATIONAL POWER (AUSTRALIA) HOLDINGS PTY LIMITED,Port Lincoln Power Station,F,SA,"2,698",749,"1,093",805,"1,898",1.46,On,NEM,Diesel,-
INTERNATIONAL POWER (AUSTRALIA) HOLDINGS PTY LIMITED,Snuggery Power Station,F,SA,"2,422",673,757,426,"1,183",1.13,On,NEM,Diesel,-
INTERNATIONAL POWER (AUSTRALIA) HOLDINGS PTY LIMITED,Willogoleche Wind Farm,F,SA,"1,251,140","347,539",63,197,260,0.00,On,NEM,Wind,-
INTERNATIONAL POWER (AUSTRALIA) HOLDINGS PTY LIMITED,Corporate Total,C,-,"13,739,528","3,816,535","1,439,135","5,461","1,444,596",-,-,-,-,-
KARADOC SOLAR FARM HOLDCO PTY LTD,KARADOC SOLAR FARM,F,VIC,"670,513","186,254",0,430,430,0.00,On,NEM,Solar,-
KARADOC SOLAR FARM HOLDCO PTY LTD,Corporate Total,C,-,"670,513","186,254",0,430,430,-,-,-,-,-
KIAMCO FORESIGHT HANWHA BARCALDINE 1 PTY LTD,Barcaldine Remote Community Solar Farm Pty Ltd,F,QLD,"117,337","32,594",0,0,0,0.00,On,NEM,Solar,-
KIAMCO FORESIGHT HANWHA BARCALDINE 1 PTY LTD,Corporate Total,C,-,"117,337","32,594",0,0,0,-,-,-,-,-
KIAMCO HANWHA FORESIGHT BANNERTON PTY LTD,Bannerton Solar Farm,F,VIC,"649,559","180,433",0,0,0,0.00,On,NEM,Solar,-
KIAMCO HANWHA FORESIGHT BANNERTON PTY LTD,Corporate Total,C,-,"649,559","180,433",0,0,0,-,-,-,-,-
KIATA WIND FARM HOLDINGS PTY LTD,Kiata Wind Farm Pty Ltd,F,VIC,"409,784","113,829",33,316,349,0.00,On,NEM,Wind,-
KIATA WIND FARM HOLDINGS PTY LTD,Corporate Total,C,-,"409,784","113,829",33,316,349,-,-,-,-,-
LAL LAL WIND FARMS NOM CO PTY LIMITED,Lal Lal Wind Farm,F,VIC,"1,989,633","552,676",37,"1,044","1,081",0.00,Off,Off-grid,Wind,-
LAL LAL WIND FARMS NOM CO PTY LIMITED,Corporate Total,C,-,"1,989,633","552,676",37,"1,044","1,081",-,-,-,-,-
LGI LIMITED,Benaraby LFGE Station,F,QLD,"22,586","6,274",643,0,643,0.10,On,NEM,Landfill Gas,-
LGI LIMITED,Bunya LFGE Station,F,QLD,"15,641","4,345",415,0,415,0.10,On,NEM,Landfill Gas,-
LGI LIMITED,Caboolture LFGE Station,F,QLD,"37,799","10,500",918,0,918,0.09,On,NEM,Landfill Gas,-
LGI LIMITED,Dakabin LFGE Station,F,QLD,"58,987","16,385","1,072",0,"1,072",0.07,On,NEM,Landfill Gas,-
LGI LIMITED,Maryborough LFGE Station,F,QLD,"27,010","7,503",714,0,714,0.10,On,NEM,Landfill Gas,-
LGI LIMITED,Mugga Lane LFGE Station,F,ACT,"112,103","31,140","2,743",0,"2,743",0.09,On,NEM,Landfill Gas,-
LGI LIMITED,Willawong LFGE Station,F,QLD,"17,080","4,744",561,0,561,0.12,On,NEM,Landfill Gas,-
LGI LIMITED,Corporate Total,C,-,"291,206","80,891","7,066",0,"7,066",-,-,-,-,-
LIGHTHOUSE INFRASTRUCTURE MANAGEMENT LIMITED,Emerald Solar Park,F,QLD,"557,952","154,987",30,"1,449","1,479",0.00,On,NEM,Solar,-
LIGHTHOUSE INFRASTRUCTURE MANAGEMENT LIMITED,Corporate Total,C,-,"557,952","154,987",30,"1,449","1,479",-,-,-,-,-
LILYVALE HOLDINGS CO PTY. LTD.,Lilyvale Solar Farm,F,QLD,"697,547","193,763",54,622,676,0.00,On,NEM,Solar,-
LILYVALE HOLDINGS CO PTY. LTD.,Corporate Total,C,-,"697,547","193,763",54,622,676,-,-,-,-,-
LINCOLN GAP OPERATIONS PTY LTD,Lincoln Gap Wind Farm Operations Pty Ltd,F,SA,"1,582,585","439,607",0,320,320,0.00,On,NEM,Wind,-
LINCOLN GAP OPERATIONS PTY LTD,Corporate Total,C,-,"1,582,585","439,607",0,320,320,-,-,-,-,-
LMS ENERGY PTY LTD,Albury Renewable Energy Facility,F,NSW,"22,320","6,200",468,0,468,0.08,On,NEM,Landfill Gas,-
LMS ENERGY PTY LTD,Albury Solar Facility,F,NSW,"7,417","2,060",0,0,0,0.00,Off,Off-grid,Solar,-
LMS ENERGY PTY LTD,Awaba Renewable Energy Facility,F,NSW,"21,603","6,001",439,0,439,0.07,On,NEM,Landfill Gas,-
LMS ENERGY PTY LTD,Ballarat Renewable Energy Facility,F,VIC,"43,948","12,208",926,0,926,0.08,On,NEM,Landfill Gas,-
LMS ENERGY PTY LTD,Bendigo Renewable Energy Facility,F,VIC,"14,874","4,132",302,0,302,0.07,On,NEM,Landfill Gas,-
LMS ENERGY PTY LTD,Birkdale Renewable Energy Facility,F,QLD,"13,178","3,661",292,0,292,0.08,On,NEM,Landfill Gas,-
LMS ENERGY PTY LTD,Copping Renewable Energy Facility,F,TAS,"31,613","8,782",617,0,617,0.07,On,NEM,Landfill Gas,-
LMS ENERGY PTY LTD,Darwin Renewable Energy Facility,F,NT,"28,728","7,980",586,0,586,0.07,On,DKIS,Landfill Gas,-
LMS ENERGY PTY LTD,Drysdale Renewable Energy Facility,F,VIC,"31,944","8,873",622,0,622,0.07,On,NEM,Landfill Gas,-
LMS ENERGY PTY LTD,Eastern Creek 2 Renewable Energy Facility,F,NSW,"161,011","44,725","3,137",0,"3,137",0.07,On,NEM,Landfill Gas,-
LMS ENERGY PTY LTD,Hampton Park Renewable Energy Facility,F,VIC,"269,742","74,928","5,274",0,"5,274",0.07,On,NEM,Landfill Gas,-
LMS ENERGY PTY LTD,Ipswich Renewable Energy Facility,F,QLD,"14,861","4,128",303,0,303,0.07,On,NEM,Landfill Gas,-
LMS ENERGY PTY LTD,Mornington Peninsula Renewable Energy Facility,F,VIC,"15,558","4,322",327,0,327,0.08,On,NEM,Landfill Gas,-
LMS ENERGY PTY LTD,NAWMA Renewable Energy Facility,F,SA,"31,586","8,774",660,0,660,0.08,On,NEM,Landfill Gas,-
LMS ENERGY PTY LTD,NAWMA Solar Facility,F,SA,"5,806","1,613",0,0,0,0.00,On,NEM,Solar,-
LMS ENERGY PTY LTD,Newcastle Renewable Energy Facility,F,NSW,"66,641","18,511","1,276",0,"1,276",0.07,On,NEM,Landfill Gas,-
LMS ENERGY PTY LTD,Reedy Creek Renewable Energy Facility,F,QLD,"25,434","7,065",506,0,506,0.07,Off,Off-grid,Landfill Gas,-
LMS ENERGY PTY LTD,Remount Renewable Energy Facility,F,TAS,"33,510","9,308",634,0,634,0.07,On,NEM,Landfill Gas,-
LMS ENERGY PTY LTD,Rochedale Renewable Energy Facility,F,QLD,"168,460","46,794","3,516",0,"3,516",0.08,On,NEM,Landfill Gas,-
LMS ENERGY PTY LTD,Seaford Heights Renewable Energy Facility,F,SA,"74,701","20,750","1,540",0,"1,540",0.07,Off,Off-grid,Landfill Gas,-
LMS ENERGY PTY LTD,Shepparton Renewable Energy Facility,F,VIC,"22,881","6,356",468,0,468,0.07,On,NEM,Landfill Gas,-
LMS ENERGY PTY LTD,SIMS Gillman Solar Facility,F,SA,"1,972",548,0,0,0,0.00,Off,Off-grid,Solar,-
LMS ENERGY PTY LTD,South Cardup Renewable Energy Facility,F,WA,"67,055","18,626","1,476",0,"1,476",0.08,On,SWIS,Landfill Gas,-
LMS ENERGY PTY LTD,Stapylton Renewable Energy Facility,F,QLD,"98,921","27,478","1,994",0,"1,994",0.07,On,NEM,Landfill Gas,-
LMS ENERGY PTY LTD,Swanbank Renewable Energy Facility,F,QLD,"46,040","12,789",944,0,944,0.07,On,NEM,Landfill Gas,-
LMS ENERGY PTY LTD,Wollert Renewable Energy Facility,F,VIC,"237,652","66,014","4,766",0,"4,766",0.07,On,NEM,Landfill Gas,-
LMS ENERGY PTY LTD,Wyndham Renewable Energy Facility,F,VIC,"119,678","33,244","2,394",0,"2,394",0.07,On,NEM,Landfill Gas,-
LMS ENERGY PTY LTD,Wyong Renewable Energy Facility,F,NSW,"68,299","18,972","1,439",0,"1,439",0.08,On,NEM,Landfill Gas,-
LMS ENERGY PTY LTD,Caloundra Renewable Energy Facility,F,QLD,"19,462","5,406",381,0,381,0.07,On,NEM,Landfill Gas,-
LMS ENERGY PTY LTD,Seaford Heights Solar Facility,F,SA,"2,421",672,0,0,0,0.00,On,NEM,Solar,-
LMS ENERGY PTY LTD,Corporate Total,C,-,"1,767,316","490,921","35,287",0,"35,287",-,-,-,-,-
LONGREACH ASSET COMPANY PTY LTD,Longreach SF,F,QLD,"116,119","32,255",0,0,0,0.00,On,NEM,Solar,-
LONGREACH ASSET COMPANY PTY LTD,Corporate Total,C,-,"116,119","32,255",0,0,0,-,-,-,-,-
LONGREACH NEW HOLDCO PTY LTD,Longreach Solar Farm,F,QLD,"116,119","32,255",0,0,0,0.00,On,NEM,Solar,-
LONGREACH NEW HOLDCO PTY LTD,Corporate Total,C,-,"116,119","32,255",0,0,0,-,-,-,-,-
LS AUSTRALIA HOLDCO1 PTY LTD,Wellington Solar Farm,F,NSW,"174,242","48,400",980,536,"1,516",0.02,On,NEM,Solar,-
LS AUSTRALIA HOLDCO1 PTY LTD,Corporate Total,C,-,"174,242","48,400",980,536,"1,516",-,-,-,-,-
MERIDIAN ENERGY AUSTRALIA PTY LIMITED,Burrinjuck Hydro,F,NSW,"352,956","98,043",14,64,78,0.00,On,NEM,Hydro,-
MERIDIAN ENERGY AUSTRALIA PTY LIMITED,Hume Hydro,F,NSW,"530,308","147,308",26,326,352,0.00,On,NEM,Hydro,-
MERIDIAN ENERGY AUSTRALIA PTY LIMITED,Keepit Hydro,F,NSW,"6,314","1,754",11,0,11,0.01,On,NEM,Hydro,-
MERIDIAN ENERGY AUSTRALIA PTY LIMITED,Mt Mercer Wind farm Pty Ltd,F,VIC,"1,299,911","361,086",50,0,50,0.00,On,NEM,Wind,-
MERIDIAN ENERGY AUSTRALIA PTY LIMITED,Mt Millar Wind Farm Pty Ltd,F,SA,"611,833","169,954",602,0,602,0.00,On,NEM,Wind,-
MERIDIAN ENERGY AUSTRALIA PTY LIMITED,Corporate Total,C,-,"2,801,322","778,145",703,390,"1,093",-,-,-,-,-
MOMENTUM ENERGY PTY LIMITED,Alfred Hospital Cogeneration Plant,F,VIC,"40,021","11,117","13,070",459,"13,529",1.18,On,NEM,Gas,-
MOMENTUM ENERGY PTY LIMITED,Dandenong Hospital Cogeneration Plant,F,VIC,"41,542","11,539","12,160",403,"12,563",1.05,On,NEM,Gas,-
MOMENTUM ENERGY PTY LIMITED,Geelong Hospital Cogeneration Plant,F,VIC,"41,544","11,540","11,143",349,"11,492",0.97,On,NEM,Gas,-
MOMENTUM ENERGY PTY LIMITED,Royal Melbourne Hospital Cogeneration Plant,F,VIC,"98,554","27,376","28,629",345,"28,974",1.05,On,NEM,Gas,-
MOMENTUM ENERGY PTY LIMITED,ST. Vincent's Hospital Cogeneration Plant,F,VIC,"40,284","11,190","12,438",379,"12,817",1.11,On,NEM,Gas,-
MOMENTUM ENERGY PTY LIMITED,Corporate Total,C,-,"261,945","72,762","77,440","1,935","79,375",-,-,-,-,-
MOORABOOL WIND FARM (HOLDING) PTY LTD,Moorabool Wind Farm Pty Ltd,F,VIC,"249,956","69,432",64,"68,044","68,108",0.00,On,NEM,Wind,-
MOORABOOL WIND FARM (HOLDING) PTY LTD,Corporate Total,C,-,"249,956","69,432",64,"68,044","68,108",-,-,-,-,-
MORTONS LANE WIND FARM (HOLDING) PTY LTD,Mortons Lane Windfarm Pty Ltd,F,VIC,"214,066","59,463",0,45,45,0.00,On,NEM,Wind,-
MORTONS LANE WIND FARM (HOLDING) PTY LTD,Corporate Total,C,-,"214,066","59,463",0,45,45,-,-,-,-,-
MUMBIDA WIND FARM NO 1 HOLDINGS PTY LTD,Mumbida Wind Farm Pty Ltd,F,WA,"720,925","200,257",34,730,764,0.00,On,SWIS,Wind,-
MUMBIDA WIND FARM NO 1 HOLDINGS PTY LTD,Corporate Total,C,-,"720,925","200,257",34,730,764,-,-,-,-,-
MURRA WARRA PROJECT CO PTY LTD,Murra Warra Wind Farm,F,VIC,"2,632,275","731,187",52,509,561,0.00,On,NEM,Wind,-
MURRA WARRA PROJECT CO PTY LTD,Corporate Total,C,-,"2,632,275","731,187",52,509,561,-,-,-,-,-
NEOEN AUSTRALIA PTY. LTD.,BULGANA GREEN POWER HUB,F,VIC,"1,349,662","374,906",142,"1,173","1,315",0.00,On,NEM,Wind,-
NEOEN AUSTRALIA PTY. LTD.,COLEAMBALLY SOLAR PTY LTD,F,NSW,"1,234,361","342,878",43,"1,295","1,338",0.00,On,NEM,Solar,-
NEOEN AUSTRALIA PTY. LTD.,DEGRUSSA SOLAR PROJECT PTY LTD,F,WA,"76,781","21,328",0,315,315,0.00,Off,Off-grid,Solar,-
NEOEN AUSTRALIA PTY. LTD.,DUBBO SOLAR HUB PTY LTD,F,NSW,"210,533","58,481",5,88,93,0.00,On,NEM,Solar,-
NEOEN AUSTRALIA PTY. LTD.,GRIFFITH SOLAR FARM PTY LTD,F,NSW,"249,520","69,311",11,102,113,0.00,On,NEM,Solar,-
NEOEN AUSTRALIA PTY. LTD.,HORNSDALE POWER RESERVE PTY LTD,F,SA,0,0,198,"5,466","5,664",0.00,On,NEM,Battery,-
NEOEN AUSTRALIA PTY. LTD.,HWF1 PTY LTD,F,SA,"1,221,400","339,278",28,99,127,0.00,On,NEM,Wind,-
NEOEN AUSTRALIA PTY. LTD.,HWF2 PTY LTD,F,SA,"1,160,350","322,320",27,105,132,0.00,On,NEM,Wind,-
NEOEN AUSTRALIA PTY. LTD.,HWF3 PTY LTD,F,SA,"1,253,124","348,090",27,98,125,0.00,On,NEM,Wind,-
NEOEN AUSTRALIA PTY. LTD.,NUMURKAH SOLAR FARM PTY LTD,F,VIC,"829,959","230,544",41,"1,094","1,135",0.00,On,NEM,Solar,-
NEOEN AUSTRALIA PTY. LTD.,PARKES SOLAR FARM PTY LTD,F,NSW,"453,057","125,849",19,268,287,0.00,On,NEM,Solar,-
NEOEN AUSTRALIA PTY. LTD.,Corporate Total,C,-,"8,038,747","2,232,985",541,"10,103","10,644",-,-,-,-,-
NEW ENERGY SOLAR LIMITED,FS NSW Project No 1 AT Pty Ltd as trustee for FS NSW Project No 1 Asset Trust,F,NSW,"640,126","177,813",0,669,669,0.00,On,NEM,Solar,-
NEW ENERGY SOLAR LIMITED,Manildra Prop Pty Ltd as trustee for Manildra Asset Trust,F,NSW,"311,854","86,626",0,180,180,0.00,On,NEM,Solar,-
NEW ENERGY SOLAR LIMITED,Corporate Total,C,-,"951,980","264,439",0,849,849,-,-,-,-,-
NEWGEN KWINANA HOLDINGS PTY LTD,Kwinana Gas Fired Power Station,F,WA,"7,297,874","2,027,187","795,750",156,"795,906",0.39,On,SWIS,Gas,-
NEWGEN KWINANA HOLDINGS PTY LTD,Corporate Total,C,-,"7,297,874","2,027,187","795,750",156,"795,906",-,-,-,-,-
NRG VICTORIA I PTY LTD,Gladstone Power Station,F,QLD,"23,114,397","6,420,666","6,269,417","55,468","6,324,885",0.98,On,NEM,Black Coal,-
NRG VICTORIA I PTY LTD,Corporate Total,C,-,"23,114,397","6,420,666","6,269,417","55,468","6,324,885",-,-,-,-,-
OAKEY 1 ASSET COMPANY PTY LTD,Oakey 1 Solar Farm,F,NSW,"187,381","52,050",0,0,0,0.00,On,NEM,Solar,-
OAKEY 1 ASSET COMPANY PTY LTD,Corporate Total,C,-,"187,381","52,050",0,0,0,-,-,-,-,-
OAKEY 1 NEW HOLDCO PTY LTD,Oakey 1 Solar Farm,F,QLD,"187,381","52,050",0,0,0,0.00,On,NEM,Solar,-
OAKEY 1 NEW HOLDCO PTY LTD,Corporate Total,C,-,"187,381","52,050",0,0,0,-,-,-,-,-
ORIGIN ENERGY LIMITED,Ballarat Solar Park,F,VIC,"1,209",336,0,1,1,0.00,On,NEM,Solar,-
ORIGIN ENERGY LIMITED,Bendigo Solar Park,F,VIC,"1,511",420,0,3,3,0.00,On,NEM,Solar,-
ORIGIN ENERGY LIMITED,Bond,F,NSW,"2,157",599,356,24,380,0.59,On,NEM,Gas,-
ORIGIN ENERGY LIMITED,Chifley Square,F,NSW,"3,870","1,075",585,44,629,0.54,On,NEM,Gas,-
ORIGIN ENERGY LIMITED,Darling Downs Power Station,F,QLD,"6,495,463","1,804,295","784,373","14,707","799,080",0.43,On,NEM,Gas,-
ORIGIN ENERGY LIMITED,Drapac,F,VIC,"1,872",520,323,25,348,0.62,On,NEM,Gas,-
ORIGIN ENERGY LIMITED,Eraring Power Station,F,NSW,"52,235,712","14,509,920","12,713,738","16,072","12,729,810",0.88,On,NEM,Black Coal,-
ORIGIN ENERGY LIMITED,Exhibition Street,F,VIC,534,148,87,7,94,0.59,On,NEM,Gas,-
ORIGIN ENERGY LIMITED,Kent Street,F,NSW,"11,287","3,135","1,630",127,"1,757",0.52,On,NEM,Gas,-
ORIGIN ENERGY LIMITED,La Trobe,F,VIC,574,159,111,8,119,0.70,On,NEM,Gas,-
ORIGIN ENERGY LIMITED,Ladbroke Grove Power Station,F,SA,"303,619","84,339","43,477",417,"43,894",0.52,On,NEM,Gas,-
ORIGIN ENERGY LIMITED,Mortlake Power Station,F,VIC,"1,877,041","521,400","291,272","4,902","296,174",0.56,On,NEM,Gas,-
ORIGIN ENERGY LIMITED,Mount,F,NSW,"5,624","1,562",893,63,956,0.57,On,NEM,Gas,-
ORIGIN ENERGY LIMITED,Mt Stuart Power Station,F,QLD,"140,913","39,142","42,561","3,987","46,548",1.09,On,NEM,Kerosene,-
ORIGIN ENERGY LIMITED,Quarantine Power Station,F,SA,"473,840","131,622","82,800","1,385","84,185",0.63,On,NEM,Gas,-
ORIGIN ENERGY LIMITED,Roma Power Station,F,QLD,"174,977","48,605","30,935",981,"31,916",0.64,On,NEM,Gas,-
ORIGIN ENERGY LIMITED,Shoalhaven Scheme,F,NSW,"446,873","124,131",274,"124,058","124,332",0.00,On,NEM,Hydro,-
ORIGIN ENERGY LIMITED,Stockland Headquarters,F,NSW,"3,303",918,533,37,570,0.58,On,NEM,Gas,-
ORIGIN ENERGY LIMITED,University of NSW,F,NSW,"8,274","2,298","1,223",93,"1,316",0.53,On,NEM,Gas,-
ORIGIN ENERGY LIMITED,Uranquinty Power Station,F,NSW,"588,189","163,386","104,491","4,737","109,228",0.64,On,NEM,Gas,-
ORIGIN ENERGY LIMITED,Corporate Total,C,-,"62,776,842","17,438,011","14,099,662","171,678","14,271,340",-,-,-,-,-
OZGEN HOLDINGS AUSTRALIA PTY LTD,Callide C Power Station (facility),F,QLD,"18,205,965","5,057,213","4,549,575","29,039","4,578,614",0.90,On,NEM,Black Coal,"Please note that where more than one person has operational control over a facility at the same time and no nomination of operational control has been made, data for the facility for the entire period must be reported by the controlling corporation of each entity with operational control. This results in the same facility being reported multiple times. C S ENERGY LIMITED and OZGEN HOLDINGS AUSTRALIA PTY LTD, have each included the same data for the Callide C Power Station in their NGER reports."
OZGEN HOLDINGS AUSTRALIA PTY LTD,Millmerran Power Station (facility),F,QLD,"22,829,107","6,341,419","5,257,559","4,001","5,261,560",0.83,On,NEM,Black Coal,-
OZGEN HOLDINGS AUSTRALIA PTY LTD,Corporate Total,C,-,"41,035,072","11,398,631","9,807,134","33,040","9,840,174",-,-,-,-,-
PALISADE GRANVILLE HARBOUR INVESTMENTS PTY LTD,Granville Harbour Wind Farm,F,TAS,"1,222,624","339,618",283,210,493,0.00,On,NEM,Wind,-
PALISADE GRANVILLE HARBOUR INVESTMENTS PTY LTD,Corporate Total,C,-,"1,222,624","339,618",283,210,493,-,-,-,-,-
PALISADE SOLAR 1 PTY LTD,Ross River Solar Farm,F,QLD,"966,896","268,582",137,791,928,0.00,On,NEM,Solar,-
PALISADE SOLAR 1 PTY LTD,Corporate Total,C,-,"966,896","268,582",137,791,928,-,-,-,-,-
PALISADE WATERLOO HOLDINGS PTY LTD,Waterloo Wind Farm,F,SA,"1,207,301","335,361",36,216,252,0.00,On,NEM,Wind,-
PALISADE WATERLOO HOLDINGS PTY LTD,Corporate Total,C,-,"1,207,301","335,361",36,216,252,-,-,-,-,-
PIONEER SAIL HOLDINGS PTY LIMITED,Bairnsdale Power Station,F,VIC,"257,399","71,500","38,599",725,"39,324",0.54,On,NEM,Gas,-
PIONEER SAIL HOLDINGS PTY LIMITED,Braemar Power Station,F,QLD,"1,320,790","366,886","206,628","1,669","208,297",0.56,On,NEM,Coal Seam Methane,-
PIONEER SAIL HOLDINGS PTY LIMITED,Loy Yang B Power Station,F,VIC,"31,724,455","8,812,348","9,701,068","4,820","9,705,888",1.10,On,NEM,Brown Coal,-
PIONEER SAIL HOLDINGS PTY LIMITED,Newman Power Station,F,WA,"1,047,789","291,052","202,430",0,"202,430",0.70,Off,Off-grid,Gas,-
PIONEER SAIL HOLDINGS PTY LIMITED,Port Hedland Power Station,F,WA,"1,985,076","551,410","412,528",0,"412,528",0.75,On,NWIS,Gas,-
PIONEER SAIL HOLDINGS PTY LIMITED,Wagerup Power Station,F,WA,"1,203,683","334,356","184,745","4,604","189,349",0.55,On,SWIS,Gas,-
PIONEER SAIL HOLDINGS PTY LIMITED,Yandin Wind Farm,F,WA,"2,122,948","589,708",162,598,760,0.00,On,SWIS,Wind,-
PIONEER SAIL HOLDINGS PTY LIMITED,Corporate Total,C,-,"39,662,140","11,017,261","10,746,160","12,416","10,758,576",-,-,-,-,-
POWER AND WATER CORPORATION,Alpurrurulam (Lake Nash),F,NT,"5,606","1,557","1,135",0,"1,135",0.73,Off,Off-grid,Diesel,-
POWER AND WATER CORPORATION,Amanbidgi (Kildurk),F,NT,860,239,235,0,235,0.98,Off,Off-grid,Diesel,-
POWER AND WATER CORPORATION,"Ampilatwatja (Alparra, Ammaroo)",F,NT,"15,016","4,171","2,481",0,"2,481",0.59,Off,Off-grid,Diesel,-
POWER AND WATER CORPORATION,Amunturangu (Mount Liebig),F,NT,"3,287",913,578,0,578,0.63,Off,Off-grid,Diesel,-
POWER AND WATER CORPORATION,Aputula (Finke),F,NT,"3,527",980,616,0,616,0.63,Off,Off-grid,Diesel,-
POWER AND WATER CORPORATION,Areyonga (Utju),F,NT,"3,990","1,108",727,0,727,0.66,Off,Off-grid,Diesel,-
POWER AND WATER CORPORATION,Atitjere (Harts Range),F,NT,"3,366",935,560,0,560,0.60,Off,Off-grid,Diesel,-
POWER AND WATER CORPORATION,Borroloola Generation,F,NT,"21,524","5,979","4,157",0,"4,157",0.70,Off,Off-grid,Diesel,-
POWER AND WATER CORPORATION,Bulla Camp,F,NT,"1,392",387,390,0,390,1.01,Off,Off-grid,Diesel,-
POWER AND WATER CORPORATION,Bulman,F,NT,"4,733","1,315",907,0,907,0.69,Off,Off-grid,Diesel,-
POWER AND WATER CORPORATION,Daly Waters Generation,F,NT,"5,894","1,637","1,104",0,"1,104",0.67,Off,Off-grid,Diesel,-
POWER AND WATER CORPORATION,Elliot Generation,F,NT,"10,534","2,926","2,155",0,"2,155",0.74,Off,Off-grid,Gas,-
POWER AND WATER CORPORATION,Engawala (Alcoota),F,NT,"2,089",581,439,0,439,0.76,Off,Off-grid,Diesel,-
POWER AND WATER CORPORATION,Epenarra (Wutunugurra),F,NT,"2,941",817,662,0,662,0.81,Off,Off-grid,Diesel,-
POWER AND WATER CORPORATION,Eva Valley,F,NT,"1,224",340,306,0,306,0.90,Off,Off-grid,Diesel,-
POWER AND WATER CORPORATION,Galiwinku (Elcho Island),F,NT,"27,664","7,684","4,727",0,"4,727",0.62,Off,Off-grid,Diesel,-
POWER AND WATER CORPORATION,Gapuwiyak (Lake Evella),F,NT,"11,837","3,288","2,053",0,"2,053",0.62,Off,Off-grid,Diesel,-
POWER AND WATER CORPORATION,Gunbalanya (Oenpelli),F,NT,"19,287","5,358","3,389",0,"3,389",0.63,Off,Off-grid,Diesel,-
POWER AND WATER CORPORATION,Ikuntji (Haasts Bluff),F,NT,"2,384",662,554,0,554,0.84,Off,Off-grid,Diesel,-
POWER AND WATER CORPORATION,Imangara (Murray Downs),F,NT,"1,324",368,270,0,270,0.73,Off,Off-grid,Diesel,-
POWER AND WATER CORPORATION,Imanpa (Mount Ebenezer),F,NT,"2,315",643,468,0,468,0.73,Off,Off-grid,Diesel,-
POWER AND WATER CORPORATION,Kalkaringi (Wave Hill),F,NT,"10,619","2,950","2,038",0,"2,038",0.69,Off,Off-grid,Diesel,-
POWER AND WATER CORPORATION,Kaltukatjara (Docker River),F,NT,"5,502","1,528",900,0,900,0.59,Off,Off-grid,Diesel,-
POWER AND WATER CORPORATION,Lajamanu (Hooker Creek),F,NT,"12,507","3,474","1,985",0,"1,985",0.57,Off,Off-grid,Diesel,-
POWER AND WATER CORPORATION,Laramba (Napperby),F,NT,"3,417",949,677,0,677,0.71,Off,Off-grid,Diesel,-
POWER AND WATER CORPORATION,Maningrida,F,NT,"35,536","9,871","5,784",0,"5,784",0.59,Off,Off-grid,Diesel,-
POWER AND WATER CORPORATION,Milikapiti (Snake Bay),F,NT,"8,377","2,327","1,754",0,"1,754",0.75,Off,Off-grid,Diesel,-
POWER AND WATER CORPORATION,Milingimbi,F,NT,"14,679","4,077","2,517",0,"2,517",0.62,Off,Off-grid,Diesel,-
POWER AND WATER CORPORATION,Milyakburra (Bickerton Island),F,NT,"3,324",923,560,0,560,0.61,Off,Off-grid,Diesel,-
POWER AND WATER CORPORATION,Minjilang (Croker Island),F,NT,"4,968","1,380",867,0,867,0.63,Off,Off-grid,Diesel,-
POWER AND WATER CORPORATION,Minyerri (Hodgson Downs),F,NT,"8,743","2,429","1,608",0,"1,608",0.66,Off,Off-grid,Diesel,-
POWER AND WATER CORPORATION,Nauiyu Nambiyu (Daly River),F,NT,"12,100","3,361","1,453",0,"1,453",0.43,Off,Off-grid,Solar,-
POWER AND WATER CORPORATION,Nguiu (Bathurst Island),F,NT,"27,021","7,506","4,783",0,"4,783",0.64,Off,Off-grid,Diesel,-
POWER AND WATER CORPORATION,Ngukurr (Roper River),F,NT,"17,680","4,911","3,154",0,"3,154",0.64,Off,Off-grid,Diesel,-
POWER AND WATER CORPORATION,Numbulwar (Rose River),F,NT,"10,937","3,038","2,107",0,"2,107",0.69,Off,Off-grid,Diesel,-
POWER AND WATER CORPORATION,Nyirripi (Waite Creek),F,NT,"4,038","1,122",599,0,599,0.53,Off,Off-grid,Diesel,-
POWER AND WATER CORPORATION,Orwaitilla (Canteen Creek),F,NT,"3,072",853,617,0,617,0.72,Off,Off-grid,Diesel,-
POWER AND WATER CORPORATION,Palumpa,F,NT,"5,529","1,536","1,065",0,"1,065",0.69,Off,Off-grid,Diesel,-
POWER AND WATER CORPORATION,Papunya,F,NT,"7,295","2,026","1,451",0,"1,451",0.72,Off,Off-grid,Diesel,-
POWER AND WATER CORPORATION,Peppimenarti,F,NT,"5,147","1,430",991,0,991,0.69,Off,Off-grid,Diesel,-
POWER AND WATER CORPORATION,Pidgeon Hole,F,NT,"1,944",540,436,0,436,0.81,Off,Off-grid,Diesel,-
POWER AND WATER CORPORATION,Pirlangimpi (Garden Point),F,NT,"7,758","2,155","1,692",0,"1,692",0.79,Off,Off-grid,Diesel,-
POWER AND WATER CORPORATION,Ramingining,F,NT,"13,728","3,813","2,270",0,"2,270",0.60,Off,Off-grid,Diesel,-
POWER AND WATER CORPORATION,Robinson River,F,NT,"4,222","1,173",876,0,876,0.75,Off,Off-grid,Diesel,-
POWER AND WATER CORPORATION,Tara (Neutral Junction),F,NT,"1,227",341,264,0,264,0.77,Off,Off-grid,Diesel,-
POWER AND WATER CORPORATION,Ti Tree Generation,F,NT,"8,267","2,297","1,695",0,"1,695",0.74,Off,Off-grid,Diesel,-
POWER AND WATER CORPORATION,Timber Creek,F,NT,"8,926","2,479","1,796",0,"1,796",0.72,Off,Off-grid,Diesel,-
POWER AND WATER CORPORATION,Titjikala (Maryvale),F,NT,"3,921","1,089",562,0,562,0.52,Off,Off-grid,Diesel,-
POWER AND WATER CORPORATION,Umbakumba,F,NT,"10,011","2,781","2,090",0,"2,090",0.75,Off,Off-grid,Diesel,-
POWER AND WATER CORPORATION,Wadeye (Port Keats),F,NT,"34,526","9,591","5,809",0,"5,809",0.61,Off,Off-grid,Gas,-
POWER AND WATER CORPORATION,Walungurru (Kintore),F,NT,"6,436","1,788","1,033",0,"1,033",0.58,Off,Off-grid,Diesel,-
POWER AND WATER CORPORATION,Warruwi (Goulburn Is),F,NT,"7,343","2,040","1,256",0,"1,256",0.62,Off,Off-grid,Diesel,-
POWER AND WATER CORPORATION,Wilora (Stirling),F,NT,"1,093",304,234,0,234,0.77,Off,Off-grid,Diesel,-
POWER AND WATER CORPORATION,Wirliyatjarrayi (Willowra),F,NT,"3,705","1,029",722,0,722,0.70,Off,Off-grid,Diesel,-
POWER AND WATER CORPORATION,Yarralin,F,NT,"5,767","1,602","1,113",0,"1,113",0.69,Off,Off-grid,Diesel,-
POWER AND WATER CORPORATION,Yuendumu,F,NT,"18,411","5,114","3,352",0,"3,352",0.66,Off,Off-grid,Diesel,-
POWER AND WATER CORPORATION,Corporate Total,C,-,"488,570","135,715","88,023",0,"88,023",-,-,-,-,-
POWER GENERATION CORPORATION,Channel Island Power Station,F,NT,"2,626,539","729,594","488,157",0,"488,157",0.67,On,DKIS,Gas,-
POWER GENERATION CORPORATION,Katherine Power Station,F,NT,"81,943","22,762","17,981",0,"17,981",0.79,On,DKIS,Gas,-
POWER GENERATION CORPORATION,Kings Canyon,F,NT,"4,209","1,169",866,0,866,0.74,Off,Off-grid,Solar,-
POWER GENERATION CORPORATION,Owen Springs Power Station,F,NT,"447,653","124,348","70,403",0,"70,403",0.57,Off,Off-grid,Gas,-
POWER GENERATION CORPORATION,Ron Goodin Power Station,F,NT,"241,600","67,111","48,927",0,"48,927",0.73,Off,Off-grid,Gas,-
POWER GENERATION CORPORATION,Tennant Creek Power Station,F,NT,"110,844","30,790","19,239",0,"19,239",0.62,Off,Off-grid,Gas,-
POWER GENERATION CORPORATION,Weddell Power Station,F,NT,"1,721,689","478,247","277,990",0,"277,990",0.58,On,DKIS,Gas,-
POWER GENERATION CORPORATION,Yulara Power Station,F,NT,"55,328","15,369","9,671",0,"9,671",0.63,Off,Off-grid,Gas,-
POWER GENERATION CORPORATION,Corporate Total,C,-,"5,289,805","1,469,390","933,234",0,"933,234",-,-,-,-,-
PRATT CONSOLIDATED HOLDINGS PTY. LTD.,Visy Energy - Coolaroo Co-gen,F,VIC,"74,980","20,828","23,483","11,018","34,501",1.13,On,NEM,Biofuel,-
PRATT CONSOLIDATED HOLDINGS PTY. LTD.,Corporate Total,C,-,"74,980","20,828","23,483","11,018","34,501",-,-,-,-,-
QGC UPSTREAM INVESTMENTS PTY LTD,Condamine Power Station,F,QLD,"929,342","258,150","122,294","4,442","126,736",0.47,On,NEM,Gas,-
QGC UPSTREAM INVESTMENTS PTY LTD,Corporate Total,C,-,"929,342","258,150","122,294","4,442","126,736",-,-,-,-,-
QS MAPS HOLDINGS NO. 3 PTY LTD,MSF,F,SA,"25,590","7,108",0,7,7,0.00,On,NEM,Solar,-
QS MAPS HOLDINGS NO. 3 PTY LTD,TWWF,F,VIC,"95,385","26,496",0,22,22,0.00,On,NEM,Solar,-
QS MAPS HOLDINGS NO. 3 PTY LTD,YWF,F,VIC,"114,541","31,817",0,21,21,0.00,On,NEM,Solar,-
QS MAPS HOLDINGS NO. 3 PTY LTD,Corporate Total,C,-,"235,516","65,421",0,50,50,-,-,-,-,-
RATCH - AUSTRALIA CORPORATION PTY LTD,Kemerton Power Station,F,WA,"474,579","131,827","86,004","2,544","88,548",0.65,On,SWIS,Gas,-
RATCH - AUSTRALIA CORPORATION PTY LTD,Starfish Hill Wind Farm,F,SA,"314,443","87,345",30,59,89,0.00,On,NEM,Wind,-
RATCH - AUSTRALIA CORPORATION PTY LTD,Toora Wind Farm,F,VIC,"201,431","55,953",24,191,215,0.00,On,NEM,Wind,-
RATCH - AUSTRALIA CORPORATION PTY LTD,Townsville Power Station,F,QLD,"848,808","235,780","132,359","2,810","135,169",0.56,On,NEM,Coal Seam Methane,-
RATCH - AUSTRALIA CORPORATION PTY LTD,Windy Hill Wind Farm,F,QLD,"83,282","23,134",21,23,44,0.00,On,NEM,Wind,-
RATCH - AUSTRALIA CORPORATION PTY LTD,Collector Wind Farm,F,NSW,"147,033","40,842",0,196,196,0.00,On,NEM,Solar,-
RATCH - AUSTRALIA CORPORATION PTY LTD,Mount Emerald Wind Farm,F,QLD,"1,203,412","334,281",49,"2,627","2,676",0.00,On,NEM,Solar,-
RATCH - AUSTRALIA CORPORATION PTY LTD,Ratch-Australia Collinsville Solar PV,F,QLD,"449,614","124,893",21,240,261,0.00,On,NEM,Solar,-
RATCH - AUSTRALIA CORPORATION PTY LTD,Corporate Total,C,-,"3,722,602","1,034,056","218,508","8,690","227,198",-,-,-,-,-
REGIONAL POWER CORPORATION,Carnarvon Power Station & Distribution network,F,WA,"139,310","38,697","24,891",9,"24,900",0.64,Off,Off-grid,Gas,-
REGIONAL POWER CORPORATION,Denham Power Station & Denham Distribution network,F,WA,"15,306","4,251","3,042",0,"3,042",0.72,Off,Off-grid,Diesel,-
REGIONAL POWER CORPORATION,Kalumburu Power Station & Distribution network,F,WA,"8,251","2,292","1,592",0,"1,592",0.69,Off,Off-grid,Diesel,-
REGIONAL POWER CORPORATION,Kununurra Power Station & Kununurra Distribution network,F,WA,"1,440",400,401,56,457,1.00,Off,Off-grid,Diesel,-
REGIONAL POWER CORPORATION,Marble Bar Power Station & Marble Bar Distribution network,F,WA,"8,626","2,396","1,424",0,"1,424",0.59,Off,Off-grid,Diesel,-
REGIONAL POWER CORPORATION,Murchison Radio Astronomy Power Station and Distribution Network,F,WA,"10,030","2,786","2,053",0,"2,053",0.74,Off,Off-grid,Diesel,-
REGIONAL POWER CORPORATION,Nullagine Power Station & Nullagine Distribution network,F,WA,"4,546","1,263",741,0,741,0.59,Off,Off-grid,Diesel,-
REGIONAL POWER CORPORATION,Onslow Power Station & Onslow Distribution Network,F,WA,"68,073","18,909","9,738",0,"9,738",0.51,Off,Off-grid,Gas,-
REGIONAL POWER CORPORATION,Wyndham Power Station & Distribution network,F,WA,250,69,53,0,53,0.76,Off,Off-grid,Diesel,-
REGIONAL POWER CORPORATION,Yungngora Power Station & Yungngora Distribution Network,F,WA,"6,175","1,715","1,022",0,"1,022",0.60,Off,Off-grid,Diesel,-
REGIONAL POWER CORPORATION,Corporate Total,C,-,"262,007","72,780","44,957",65,"45,022",-,-,-,-,-
RENEWABLE POWER AUSTRALIA LIMITED,FPC Green Energy,F,QLD,"187,160","51,989","1,811","1,422","3,233",0.03,On,NEM,Bagasse,-
RENEWABLE POWER AUSTRALIA LIMITED,Corporate Total,C,-,"187,160","51,989","1,811","1,422","3,233",-,-,-,-,-
RIO TINTO LIMITED,Cape Lambert Power Station,F,WA,"1,056,200","293,389","171,661",0,"171,661",0.59,On,NWIS,Gas,-
RIO TINTO LIMITED,Paraburdoo Power Station,F,WA,"1,928,887","535,802","288,095",0,"288,095",0.54,On,NWIS,Gas,-
RIO TINTO LIMITED,West Angelas Power Station,F,WA,"1,351,802","375,500","209,637",0,"209,637",0.56,On,NWIS,Gas,-
RIO TINTO LIMITED,Yurralyi Maya Power Station,F,WA,"1,791,832","497,731","290,340",0,"290,340",0.58,On,NWIS,Gas,-
RIO TINTO LIMITED,Corporate Total,C,-,"6,128,721","1,702,422","959,733",0,"959,733",-,-,-,-,-
RISEN ENERGY AUSTRALIA HOLDINGS PTY LTD,Yarranlea Solar Farm,F,QLD,"536,025","148,896",0,0,0,0.00,On,NEM,Solar,-
RISEN ENERGY AUSTRALIA HOLDINGS PTY LTD,Merredin Solar Farm,F,WA,"712,331","197,870",1,0,1,0.00,On,SWIS,Solar,-
RISEN ENERGY AUSTRALIA HOLDINGS PTY LTD,Corporate Total,C,-,"1,248,356","346,765",1,0,1,-,-,-,-,-
RWE RENEWABLES AUSTRALIA PTY LTD,Limondale Solar Farm,F,NSW,"756,178","210,050",95,"1,445","1,540",0.00,On,NEM,Solar,-
RWE RENEWABLES AUSTRALIA PTY LTD,Corporate Total,C,-,"756,178","210,050",95,"1,445","1,540",-,-,-,-,-
SALT CREEK WIND FARM PTY LTD,Salt Creek Wind Farm,F,VIC,"563,282","156,467",45,271,316,0.00,On,NEM,Wind,-
SALT CREEK WIND FARM PTY LTD,Corporate Total,C,-,"563,282","156,467",45,271,316,-,-,-,-,-
SANTOS LIMITED,Wilga Park Power Station,F,NSW,"414,459","115,127","62,633",10,"62,643",0.54,On,NEM,Coal Seam Methane,-
SANTOS LIMITED,Corporate Total,C,-,"414,459","115,127","62,633",10,"62,643",-,-,-,-,-
SHELL ENERGY HOLDINGS AUSTRALIA LIMITED,Newgen Neerabup Power Station,F,WA,"721,675","200,465","121,235","3,329","124,564",0.60,On,SWIS,Gas,-
SHELL ENERGY HOLDINGS AUSTRALIA LIMITED,Oakey Power Station,F,QLD,"166,915","46,365","33,053","2,180","35,233",0.71,On,NEM,Gas,-
SHELL ENERGY HOLDINGS AUSTRALIA LIMITED,Corporate Total,C,-,"888,590","246,831","154,288","5,509","159,797",-,-,-,-,-
SHENHUA CLEAN ENERGY HOLDINGS PTY LIMITED,Musselroe Wind Farm Pty Ltd,F,TAS,"2,004,174","556,715",155,233,388,0.00,On,NEM,Wind,-
SHENHUA CLEAN ENERGY HOLDINGS PTY LIMITED,Woolnorth Bluff point Wind Farm Pty Ltd,F,TAS,"751,316","208,699",189,33,222,0.00,On,NEM,Wind,-
SHENHUA CLEAN ENERGY HOLDINGS PTY LIMITED,Woolnorth Studland Bay Wind Farm Pty Ltd,F,TAS,"949,900","263,861",102,38,140,0.00,On,NEM,Wind,-
SHENHUA CLEAN ENERGY HOLDINGS PTY LIMITED,Corporate Total,C,-,"3,705,390","1,029,275",446,304,750,-,-,-,-,-
SNOWTOWN WIND FARM PTY LTD,Snowtown Wind Farm,F,SA,"1,132,533","314,593",147,289,436,0.00,On,NEM,Wind,-
SNOWTOWN WIND FARM PTY LTD,Corporate Total,C,-,"1,132,533","314,593",147,289,436,-,-,-,-,-
SNOWY HYDRO LIMITED,Angaston Power Station,F,SA,"3,083",856,615,564,"1,179",0.72,On,NEM,Diesel,-
SNOWY HYDRO LIMITED,Colongra Power Station,F,NSW,"245,016","68,060","42,379","5,805","48,184",0.62,On,NEM,Gas,-
SNOWY HYDRO LIMITED,Laverton North Power Station,F,VIC,"187,540","52,094","33,179","3,517","36,696",0.64,On,NEM,Gas,-
SNOWY HYDRO LIMITED,Lonsdale/Port Stanvac Power Station,F,SA,"5,902","1,639","1,175",848,"2,023",0.72,On,NEM,Diesel,-
SNOWY HYDRO LIMITED,Snowy Hydro Ltd,F,NSW,"17,160,777","4,766,882","2,253","208,172","210,425",0.00,On,NEM,Hydro,-
SNOWY HYDRO LIMITED,Valley Power,F,VIC,"30,169","8,380","6,816","2,406","9,222",0.81,On,NEM,Gas,-
SNOWY HYDRO LIMITED,Corporate Total,C,-,"17,632,487","4,897,913","86,417","221,312","307,729",-,-,-,-,-
SOLAR FARM INVESTMENTS PTY LTD,Moree Solar Farm,F,NSW,"484,784","134,662",15,680,695,0.00,On,NEM,Solar,-
SOLAR FARM INVESTMENTS PTY LTD,Corporate Total,C,-,"484,784","134,662",15,680,695,-,-,-,-,-
SPARK INFRASTRUCTURE HOLDINGS NO. 1 PTY LIMITED,Bomen Solar Farm,F,NSW,"722,837","200,788",34,636,670,0.00,On,NEM,Solar,-
SPARK INFRASTRUCTURE HOLDINGS NO. 1 PTY LIMITED,Corporate Total,C,-,"722,837","200,788",34,636,670,-,-,-,-,-
SPIC PACIFIC ENERGY PTY LTD,Challicum Hills Wind Farm,F,VIC,"491,213","136,448",31,201,232,0.00,On,NEM,Wind,-
SPIC PACIFIC ENERGY PTY LTD,Clements Gap Wind Farm,F,SA,"601,498","167,083",58,173,231,0.00,On,NEM,Wind,-
SPIC PACIFIC ENERGY PTY LTD,Codrington Wind Farm,F,VIC,"149,815","41,615",23,57,80,0.00,On,NEM,Wind,-
SPIC PACIFIC ENERGY PTY LTD,Crowlands Wind Farm,F,VIC,"986,028","273,897",51,350,401,0.00,On,NEM,Wind,-
SPIC PACIFIC ENERGY PTY LTD,Eildon Pondage Hydro,F,VIC,"30,701","8,528",5,20,25,0.00,On,NEM,Hydro,-
SPIC PACIFIC ENERGY PTY LTD,Glenmaggie Hydro,F,VIC,"39,250","10,903",4,0,4,0.00,On,NEM,Hydro,-
SPIC PACIFIC ENERGY PTY LTD,Haughton Solar Farm,F,QLD,"605,440","168,178",139,916,"1,055",0.00,On,NEM,Solar,-
SPIC PACIFIC ENERGY PTY LTD,Ord Hydro,F,WA,"460,663","127,962",25,37,62,0.00,Off,Off-grid,Hydro,-
SPIC PACIFIC ENERGY PTY LTD,Portland Wind Farms,F,VIC,"1,651,355","458,710",85,224,309,0.00,On,NEM,Wind,-
SPIC PACIFIC ENERGY PTY LTD,Taralga Wind Farm,F,NSW,"1,050,209","291,725",87,422,509,0.00,On,NEM,Wind,-
SPIC PACIFIC ENERGY PTY LTD,The Drop Hydro,F,NSW,"12,098","3,360",0,0,0,0.00,On,NEM,Hydro,-
SPIC PACIFIC ENERGY PTY LTD,William Hovell Hydro,F,VIC,"16,898","4,694",0,0,0,0.00,On,NEM,Hydro,-
SPIC PACIFIC ENERGY PTY LTD,Yaloak South Wind Farm,F,VIC,"288,023","80,006",21,70,91,0.00,On,NEM,Wind,-
SPIC PACIFIC ENERGY PTY LTD,Yambuk Wind Farm,F,VIC,"330,634","91,843",28,199,227,0.00,On,NEM,Wind,-
SPIC PACIFIC ENERGY PTY LTD,Corporate Total,C,-,"6,713,825","1,864,951",557,"2,669","3,226",-,-,-,-,-
SRV AGWF PTY LTD,Albany Windfarm,F,WA,"207,656","57,682",24,9,33,0.00,On,SWIS,Wind,-
SRV AGWF PTY LTD,Corporate Total,C,-,"207,656","57,682",24,9,33,-,-,-,-,-
STANWELL CORPORATION LIMITED,Mackay Gas Turbine,F,QLD,115,32,46,0,46,1.44,On,NEM,Diesel,-
STANWELL CORPORATION LIMITED,Mica Creek Power Station,F,QLD,"827,111","229,753","109,653",0,"109,653",0.48,On,Mt Isa,Gas,-
STANWELL CORPORATION LIMITED,Stanwell Power Station,F,QLD,"29,318,903","8,144,140","6,916,480","5,464","6,921,944",0.85,On,NEM,Black Coal,-
STANWELL CORPORATION LIMITED,Tarong Power Stations,F,QLD,"43,140,359","11,983,433","10,635,060","51,362","10,686,422",0.89,On,NEM,Black Coal,-
STANWELL CORPORATION LIMITED,Corporate Total,C,-,"73,286,488","20,357,358","17,661,239","56,826","17,718,065",-,-,-,-,-
SUNRAYSIA SOLAR FARM HOLDINGS PTY LTD,Sunraysia Solar Farm,F,NSW,"316,206","87,835",0,"1,969","1,969",0.00,On,NEM,Solar,-
SUNRAYSIA SOLAR FARM HOLDINGS PTY LTD,Corporate Total,C,-,"316,206","87,835",0,"1,969","1,969",-,-,-,-,-
SUSTAINABLE ENERGY INFRASTRUCTURE HOLDINGS PTY LIMITED,Coopers Cogeneration,F,SA,"88,247","24,513","18,674",0,"18,674",0.76,On,NEM,Gas,-
SUSTAINABLE ENERGY INFRASTRUCTURE HOLDINGS PTY LIMITED,Glenorchy Landfill,F,TAS,"28,596","7,943",490,0,490,0.06,On,NEM,Landfill Gas,-
SUSTAINABLE ENERGY INFRASTRUCTURE HOLDINGS PTY LIMITED,Hobart Landfill,F,TAS,"19,132","5,315",386,0,386,0.07,On,NEM,Landfill Gas,-
SUSTAINABLE ENERGY INFRASTRUCTURE HOLDINGS PTY LIMITED,Kemps Creek Landfill,F,NSW,8,2,0,0,0,0.00,On,NEM,Landfill Gas,-
SUSTAINABLE ENERGY INFRASTRUCTURE HOLDINGS PTY LIMITED,Kincumber Landfill,F,NSW,"5,635","1,565",117,0,117,0.07,On,NEM,Landfill Gas,-
SUSTAINABLE ENERGY INFRASTRUCTURE HOLDINGS PTY LIMITED,Moranbah Power Station,F,QLD,"185,462","51,517","28,705",0,"28,705",0.56,On,NEM,Coal Seam Methane,-
SUSTAINABLE ENERGY INFRASTRUCTURE HOLDINGS PTY LIMITED,Rockingham Landfill,F,WA,"41,162","11,434","1,384",0,"1,384",0.12,On,SWIS,Landfill Gas,-
SUSTAINABLE ENERGY INFRASTRUCTURE HOLDINGS PTY LIMITED,Werribee Biogas,F,VIC,"134,276","37,299","2,343",0,"2,343",0.06,On,NEM,Sludge Biogas,-
SUSTAINABLE ENERGY INFRASTRUCTURE HOLDINGS PTY LIMITED,Woy Woy Landfill,F,NSW,"17,630","4,897",318,0,318,0.06,On,NEM,Landfill Gas,-
SUSTAINABLE ENERGY INFRASTRUCTURE HOLDINGS PTY LIMITED,Corporate Total,C,-,"520,148","144,486","52,417",0,"52,417",-,-,-,-,-
THE TRUSTEE FOR GRSF TRUST,Greenough River Solar Farm,F,WA,"300,610","83,503",132,192,324,0.00,On,SWIS,Solar,-
THE TRUSTEE FOR GRSF TRUST,Corporate Total,C,-,"300,610","83,503",132,192,324,-,-,-,-,-
THE UNIVERSITY OF QUEENSLAND,Warwick Solar Farm,F,QLD,"73,434","20,398",45,360,405,0.00,On,NEM,Solar,-
THE UNIVERSITY OF QUEENSLAND,Corporate Total,C,-,"73,434","20,398",45,360,405,-,-,-,-,-
TINSEL BIDCO PTY LTD,Snowtown South Wind Farm Pty Ltd,F,SA,"1,486,380","412,883",65,100,165,0.00,On,NEM,Wind,-
TINSEL BIDCO PTY LTD,Snowtown Wind Farm Stage 2 Pty Ltd,F,SA,"1,527,040","424,178",76,143,219,0.00,On,NEM,Wind,-
TINSEL BIDCO PTY LTD,Corporate Total,C,-,"3,013,420","837,061",141,243,384,-,-,-,-,-
TRANSALTA ENERGY (AUSTRALIA) PTY LTD,Kalgoorlie Power Station,F,WA,"1,007,789","279,941","156,822",0,"156,822",0.56,On,SWIS,Gas,-
TRANSALTA ENERGY (AUSTRALIA) PTY LTD,Kambalda Power Station,F,WA,"1,023,214","284,226","155,829",0,"155,829",0.55,On,SWIS,Gas,-
TRANSALTA ENERGY (AUSTRALIA) PTY LTD,Leinster Power Station,F,WA,"978,763","271,879","151,147",0,"151,147",0.56,Off,Off-grid,Gas,-
TRANSALTA ENERGY (AUSTRALIA) PTY LTD,Mt Keith Power Station,F,WA,"1,132,293","314,526","189,293",0,"189,293",0.60,Off,Off-grid,Gas,-
TRANSALTA ENERGY (AUSTRALIA) PTY LTD,South Hedland Power Station,F,WA,"1,519,579","422,105","220,840",0,"220,840",0.52,On,NWIS,Gas,-
TRANSALTA ENERGY (AUSTRALIA) PTY LTD,Corporate Total,C,-,"5,661,638","1,572,677","873,931",0,"873,931",-,-,-,-,-
VENA ENERGY SERVICES (AUSTRALIA) PTY LTD,Tailem Bend Solar farm,F,SA,"621,994","172,776",78,740,818,0.00,On,NEM,Solar,-
VENA ENERGY SERVICES (AUSTRALIA) PTY LTD,Corporate Total,C,-,"621,994","172,776",78,740,818,-,-,-,-,-
WATER CORPORATION,Cocos Keeling Islands - Home Island Generation,F,WA,"9,112","2,531","1,815",0,"1,815",0.72,Off,Off-grid,Diesel,-
WATER CORPORATION,Cocos Keeling Islands - West Island Generation,F,WA,"9,282","2,578","2,054",0,"2,054",0.80,Off,Off-grid,Diesel,-
WATER CORPORATION,Corporate Total,C,-,"18,394","5,110","3,869",0,"3,869",-,-,-,-,-
WEL 1 PTY LTD,Clermont Solar Farm,F,QLD,"639,105","177,529",46,"3,424","3,470",0.00,On,NEM,Solar,-
WEL 1 PTY LTD,Wemen Solar Farm,F,VIC,"666,176","185,049",39,"1,778","1,817",0.00,On,NEM,Solar,-
WEL 1 PTY LTD,Corporate Total,C,-,"1,305,281","362,578",85,"5,202","5,287",-,-,-,-,-
WHITE ROCK SOLAR FARM (HOLDING) PTY LTD,White Rock Solar Farm Pty Ltd,F,NSW,"135,137","37,538",0,51,51,0.00,On,NEM,Solar,-
WHITE ROCK SOLAR FARM (HOLDING) PTY LTD,Corporate Total,C,-,"135,137","37,538",0,51,51,-,-,-,-,-
WILD CATTLE HILL PTY LTD,Wild Cattle Hill Wind Farm,F,TAS,"1,562,847","434,124",64,175,239,0.00,On,NEM,Wind,-
WILD CATTLE HILL PTY LTD,Corporate Total,C,-,"1,562,847","434,124",64,175,239,-,-,-,-,-
YARA AUSTRALIA PTY LTD,YPF UTILITIES PRODUCTION AND SUPPLY,F,WA,"115,658","32,127","24,350",0,"24,350",0.76,Off,Off-grid,Gas,-
YARA AUSTRALIA PTY LTD,Corporate Total,C,-,"115,658","32,127","24,350",0,"24,350",-,-,-,-,-
YATPOOL SOLAR FARM HOLDCO PTY LTD,YATPOOL SOLAR FARM,F,VIC,"180,910","50,253",0,610,610,0.00,On,NEM,Solar,-
YATPOOL SOLAR FARM HOLDCO PTY LTD,Corporate Total,C,-,"180,910","50,253",0,610,610,-,-,-,-,-
